Workbook

Sheet area_comparison
A1: ICM_ID | B1: new_area_m2 | C1: old_area_m2 | D1: new-old | E1: old_comp_to_use_for_new_rain
A2: 1 | B2: =_xlfn.XLOOKUP(A2,new!C:C,new!BF:BF) -> 103699000 | C2: =_xlfn.XLOOKUP(A2,old!C:C,old!AP:AP) -> 89414000 | D2: =B2-C2 -> 14285000 | E2: =A2 -> 1
A3: 2 | B3: =_xlfn.XLOOKUP(A3,new!C:C,new!BF:BF) -> 73299200 | C3: =_xlfn.XLOOKUP(A3,old!C:C,old!AP:AP) -> 73299200 | D3: =B3-C3 -> 0 | E3: =A3 -> 2
A4: 3 | B4: =_xlfn.XLOOKUP(A4,new!C:C,new!BF:BF) -> 19385800 | C4: =_xlfn.XLOOKUP(A4,old!C:C,old!AP:AP) -> 19385800 | D4: =B4-C4 -> 0 | E4: =A4 -> 3
A5: 4 | B5: =_xlfn.XLOOKUP(A5,new!C:C,new!BF:BF) -> 20564600 | C5: =_xlfn.XLOOKUP(A5,old!C:C,old!AP:AP) -> 20564600 | D5: =B5-C5 -> 0 | E5: =A5 -> 4
A6: 5 | B6: =_xlfn.XLOOKUP(A6,new!C:C,new!BF:BF) -> 13723600 | C6: =_xlfn.XLOOKUP(A6,old!C:C,old!AP:AP) -> 24064800 | D6: =B6-C6 -> -10341200 | E6: =A6 -> 5
A7: 6 | B7: =_xlfn.XLOOKUP(A7,new!C:C,new!BF:BF) -> 37491900 | C7: =_xlfn.XLOOKUP(A7,old!C:C,old!AP:AP) -> 37491900 | D7: =B7-C7 -> 0 | E7: =A7 -> 6
A8: 7 | B8: =_xlfn.XLOOKUP(A8,new!C:C,new!BF:BF) -> 16365900 | C8: =_xlfn.XLOOKUP(A8,old!C:C,old!AP:AP) -> 14809700 | D8: =B8-C8 -> 1556200 | E8: =A8 -> 7
A9: 8 | B9: =_xlfn.XLOOKUP(A9,new!C:C,new!BF:BF) -> 21156500 | C9: =_xlfn.XLOOKUP(A9,old!C:C,old!AP:AP) -> 13390600 | D9: =B9-C9 -> 7765900 | E9: =A9 -> 8
A10: 9 | B10: =_xlfn.XLOOKUP(A10,new!C:C,new!BF:BF) -> 22013600 | C10: =_xlfn.XLOOKUP(A10,old!C:C,old!AP:AP) -> 21659000 | D10: =B10-C10 -> 354600 | E10: =A10 -> 9
A11: 10 | B11: =_xlfn.XLOOKUP(A11,new!C:C,new!BF:BF) -> 24574500 | C11: =_xlfn.XLOOKUP(A11,old!C:C,old!AP:AP) -> 24574500 | D11: =B11-C11 -> 0 | E11: =A11 -> 10
A12: 11 | B12: =_xlfn.XLOOKUP(A12,new!C:C,new!BF:BF) -> 28239000 | C12: =_xlfn.XLOOKUP(A12,old!C:C,old!AP:AP) -> 28239000 | D12: =B12-C12 -> 0 | E12: =A12 -> 11
A13: 12 | B13: =_xlfn.XLOOKUP(A13,new!C:C,new!BF:BF) -> 30197800 | C13: =_xlfn.XLOOKUP(A13,old!C:C,old!AP:AP) -> 30197800 | D13: =B13-C13 -> 0 | E13: =A13 -> 12
... A1000: 999 | B1000: =_xlfn.XLOOKUP(A1000,new!C:C,new!BF:BF) -> 3080720 | C1000: =_xlfn.XLOOKUP(A1000,old!C:C,old!AP:AP) -> 3080720 | D1000: =B1000-C1000 -> 0 | E1000: =A1000 -> 999
A1001: 1000 | B1001: =_xlfn.XLOOKUP(A1001,new!C:C,new!BF:BF) -> 5987210 | C1001: =_xlfn.XLOOKUP(A1001,old!C:C,old!AP:AP) -> 2653110 | D1001: =B1001-C1001 -> 3334100 | E1001: 1471
A1002: 1001 | B1002: =_xlfn.XLOOKUP(A1002,new!C:C,new!BF:BF) -> 7365320 | C1002: =_xlfn.XLOOKUP(A1002,old!C:C,old!AP:AP) -> 7365320 | D1002: =B1002-C1002 -> 0 | E1002: =A1002 -> 1001
A1003: 1002 | B1003: =_xlfn.XLOOKUP(A1003,new!C:C,new!BF:BF) -> 4109630 | C1003: =_xlfn.XLOOKUP(A1003,old!C:C,old!AP:AP) -> 4109630 | D1003: =B1003-C1003 -> 0 | E1003: =A1003 -> 1002
A1004: 1003 | B1004: =_xlfn.XLOOKUP(A1004,new!C:C,new!BF:BF) -> 3966320 | C1004: =_xlfn.XLOOKUP(A1004,old!C:C,old!AP:AP) -> 3966320 | D1004: =B1004-C1004 -> 0 | E1004: =A1004 -> 1003
A1005: 1004 | B1005: =_xlfn.XLOOKUP(A1005,new!C:C,new!BF:BF) -> 4524110 | C1005: =_xlfn.XLOOKUP(A1005,old!C:C,old!AP:AP) -> 4524110 | D1005: =B1005-C1005 -> 0 | E1005: =A1005 -> 1004
A1006: 1005 | B1006: =_xlfn.XLOOKUP(A1006,new!C:C,new!BF:BF) -> 2609320 | C1006: =_xlfn.XLOOKUP(A1006,old!C:C,old!AP:AP) -> 2609320 | D1006: =B1006-C1006 -> 0 | E1006: =A1006 -> 1005
A1007: 1006 | B1007: =_xlfn.XLOOKUP(A1007,new!C:C,new!BF:BF) -> 6578360 | C1007: =_xlfn.XLOOKUP(A1007,old!C:C,old!AP:AP) -> 6578360 | D1007: =B1007-C1007 -> 0 | E1007: =A1007 -> 1006
A1008: 1007 | B1008: =_xlfn.XLOOKUP(A1008,new!C:C,new!BF:BF) -> 21108600 | C1008: =_xlfn.XLOOKUP(A1008,old!C:C,old!AP:AP) -> 21108600 | D1008: =B1008-C1008 -> 0 | E1008: =A1008 -> 1007
A1009: 1008 | B1009: =_xlfn.XLOOKUP(A1009,new!C:C,new!BF:BF) -> 10087100 | C1009: =_xlfn.XLOOKUP(A1009,old!C:C,old!AP:AP) -> 10087100 | D1009: =B1009-C1009 -> 0 | E1009: =A1009 -> 1008
A1010: 1009 | B1010: =_xlfn.XLOOKUP(A1010,new!C:C,new!BF:BF) -> 2389270 | C1010: =_xlfn.XLOOKUP(A1010,old!C:C,old!AP:AP) -> 2389270 | D1010: =B1010-C1010 -> 0 | E1010: =A1010 -> 1009
A1011: 1010 | B1011: =_xlfn.XLOOKUP(A1011,new!C:C,new!BF:BF) -> 4481010 | C1011: =_xlfn.XLOOKUP(A1011,old!C:C,old!AP:AP) -> 4481010 | D1011: =B1011-C1011 -> 0 | E1011: =A1011 -> 1010
A1012: 1011 | B1012: =_xlfn.XLOOKUP(A1012,new!C:C,new!BF:BF) -> 6639190 | C1012: =_xlfn.XLOOKUP(A1012,old!C:C,old!AP:AP) -> 944311 | D1012: =B1012-C1012 -> 5694879 | E1012: 1136
A1013: 1012 | B1013: =_xlfn.XLOOKUP(A1013,new!C:C,new!BF:BF) -> 5483840 | C1013: =_xlfn.XLOOKUP(A1013,old!C:C,old!AP:AP) -> 1498830 | D1013: =B1013-C1013 -> 3985010 | E1013: =A1013 -> 1012
A1014: 1013 | B1014: =_xlfn.XLOOKUP(A1014,new!C:C,new!BF:BF) -> 31005400 | C1014: =_xlfn.XLOOKUP(A1014,old!C:C,old!AP:AP) -> 2404660 | D1014: =B1014-C1014 -> 28600740 | E1014: 1360
A1015: 1014 | B1015: =_xlfn.XLOOKUP(A1015,new!C:C,new!BF:BF) -> 8725700 | C1015: =_xlfn.XLOOKUP(A1015,old!C:C,old!AP:AP) -> 5988280 | D1015: =B1015-C1015 -> 2737420 | E1015: 1360
A1016: 1015 | B1016: =_xlfn.XLOOKUP(A1016,new!C:C,new!BF:BF) -> 10036800 | C1016: =_xlfn.XLOOKUP(A1016,old!C:C,old!AP:AP) -> 4819120 | D1016: =B1016-C1016 -> 5217680 | E1016: =A1016 -> 1015
A1017: 1016 | B1017: =_xlfn.XLOOKUP(A1017,new!C:C,new!BF:BF) -> 9429930 | C1017: =_xlfn.XLOOKUP(A1017,old!C:C,old!AP:AP) -> 2359070 | D1017: =B1017-C1017 -> 7070860 | E1017: =A1017 -> 1016
A1018: 1017 | B1018: =_xlfn.XLOOKUP(A1018,new!C:C,new!BF:BF) -> 3223320 | C1018: =_xlfn.XLOOKUP(A1018,old!C:C,old!AP:AP) -> 1212500 | D1018: =B1018-C1018 -> 2010820 | E1018: 1360
A1019: 1018 | B1019: =_xlfn.XLOOKUP(A1019,new!C:C,new!BF:BF) -> 2174890 | C1019: =_xlfn.XLOOKUP(A1019,old!C:C,old!AP:AP) -> 2174890 | D1019: =B1019-C1019 -> 0 | E1019: =A1019 -> 1018
A1020: 1019 | B1020: =_xlfn.XLOOKUP(A1020,new!C:C,new!BF:BF) -> 2505590 | C1020: =_xlfn.XLOOKUP(A1020,old!C:C,old!AP:AP) -> 2011620 | D1020: =B1020-C1020 -> 493970 | E1020: 1321
A1021: 1020 | B1021: =_xlfn.XLOOKUP(A1021,new!C:C,new!BF:BF) -> 61298400 | C1021: =_xlfn.XLOOKUP(A1021,old!C:C,old!AP:AP) -> 61298400 | D1021: =B1021-C1021 -> 0 | E1021: 1020
A1022: 1021 | B1022: =_xlfn.XLOOKUP(A1022,new!C:C,new!BF:BF) -> 912903 | C1022: =_xlfn.XLOOKUP(A1022,old!C:C,old!AP:AP) -> 1487750 | D1022: =B1022-C1022 -> -574847 | E1022: 1321
A1023: 1022 | B1023: =_xlfn.XLOOKUP(A1023,new!C:C,new!BF:BF) -> 2597050 | C1023: =_xlfn.XLOOKUP(A1023,old!C:C,old!AP:AP) -> 2597050 | D1023: =B1023-C1023 -> 0 | E1023: =A1023 -> 1022
A1024: 1023 | B1024: =_xlfn.XLOOKUP(A1024,new!C:C,new!BF:BF) -> 2095890 | C1024: =_xlfn.XLOOKUP(A1024,old!C:C,old!AP:AP) -> 2095890 | D1024: =B1024-C1024 -> 0 | E1024: =A1024 -> 1023
A1025: 1024 | B1025: =_xlfn.XLOOKUP(A1025,new!C:C,new!BF:BF) -> 4997660 | C1025: =_xlfn.XLOOKUP(A1025,old!C:C,old!AP:AP) -> 4997660 | D1025: =B1025-C1025 -> 0 | E1025: =A1025 -> 1024
A1026: 1025 | B1026: =_xlfn.XLOOKUP(A1026,new!C:C,new!BF:BF) -> 16323300 | C1026: =_xlfn.XLOOKUP(A1026,old!C:C,old!AP:AP) -> 16323300 | D1026: =B1026-C1026 -> 0 | E1026: =A1026 -> 1025
A1027: 1026 | B1027: =_xlfn.XLOOKUP(A1027,new!C:C,new!BF:BF) -> 15267500 | C1027: =_xlfn.XLOOKUP(A1027,old!C:C,old!AP:AP) -> 15267500 | D1027: =B1027-C1027 -> 0 | E1027: =A1027 -> 1026
A1028: 1027 | B1028: =_xlfn.XLOOKUP(A1028,new!C:C,new!BF:BF) -> 20302100 | C1028: =_xlfn.XLOOKUP(A1028,old!C:C,old!AP:AP) -> 20302100 | D1028: =B1028-C1028 -> 0 | E1028: =A1028 -> 1027
A1029: 1028 | B1029: =_xlfn.XLOOKUP(A1029,new!C:C,new!BF:BF) -> 18803400 | C1029: =_xlfn.XLOOKUP(A1029,old!C:C,old!AP:AP) -> 18803400 | D1029: =B1029-C1029 -> 0 | E1029: =A1029 -> 1028
A1030: 1029 | B1030: =_xlfn.XLOOKUP(A1030,new!C:C,new!BF:BF) -> 7173590 | C1030: =_xlfn.XLOOKUP(A1030,old!C:C,old!AP:AP) -> 7173590 | D1030: =B1030-C1030 -> 0 | E1030: =A1030 -> 1029
A1031: 1030 | B1031: =_xlfn.XLOOKUP(A1031,new!C:C,new!BF:BF) -> 9282440 | C1031: =_xlfn.XLOOKUP(A1031,old!C:C,old!AP:AP) -> 9282440 | D1031: =B1031-C1031 -> 0 | E1031: =A1031 -> 1030
A1032: 1031 | B1032: =_xlfn.XLOOKUP(A1032,new!C:C,new!BF:BF) -> 21094700 | C1032: =_xlfn.XLOOKUP(A1032,old!C:C,old!AP:AP) -> 21094700 | D1032: =B1032-C1032 -> 0 | E1032: =A1032 -> 1031
A1033: 1032 | B1033: =_xlfn.XLOOKUP(A1033,new!C:C,new!BF:BF) -> 19698300 | C1033: =_xlfn.XLOOKUP(A1033,old!C:C,old!AP:AP) -> 19698300 | D1033: =B1033-C1033 -> 0 | E1033: =A1033 -> 1032
A1034: 1033 | B1034: =_xlfn.XLOOKUP(A1034,new!C:C,new!BF:BF) -> 14293900 | C1034: =_xlfn.XLOOKUP(A1034,old!C:C,old!AP:AP) -> 14293900 | D1034: =B1034-C1034 -> 0 | E1034: =A1034 -> 1033
... A1051: 1050 | B1051: =_xlfn.XLOOKUP(A1051,new!C:C,new!BF:BF) -> 17877600 | C1051: =_xlfn.XLOOKUP(A1051,old!C:C,old!AP:AP) -> 17877600 | D1051: =B1051-C1051 -> 0 | E1051: =A1051 -> 1050
A1052: 1051 | B1052: =_xlfn.XLOOKUP(A1052,new!C:C,new!BF:BF) -> 3598020 | C1052: =_xlfn.XLOOKUP(A1052,old!C:C,old!AP:AP) -> 2326360 | D1052: =B1052-C1052 -> 1271660 | E1052: 1393
A1053: 1052 | B1053: =_xlfn.XLOOKUP(A1053,new!C:C,new!BF:BF) -> 13704800 | C1053: =_xlfn.XLOOKUP(A1053,old!C:C,old!AP:AP) -> 13704800 | D1053: =B1053-C1053 -> 0 | E1053: =A1053 -> 1052
A1054: 1053 | B1054: =_xlfn.XLOOKUP(A1054,new!C:C,new!BF:BF) -> 9609080 | C1054: =_xlfn.XLOOKUP(A1054,old!C:C,old!AP:AP) -> 9609080 | D1054: =B1054-C1054 -> 0 | E1054: =A1054 -> 1053
A1055: 1054 | B1055: =_xlfn.XLOOKUP(A1055,new!C:C,new!BF:BF) -> 7587600 | C1055: =_xlfn.XLOOKUP(A1055,old!C:C,old!AP:AP) -> 2789550 | D1055: =B1055-C1055 -> 4798050 | E1055: =A1055 -> 1054
A1056: 1055 | B1056: =_xlfn.XLOOKUP(A1056,new!C:C,new!BF:BF) -> 7473320 | C1056: =_xlfn.XLOOKUP(A1056,old!C:C,old!AP:AP) -> 7473320 | D1056: =B1056-C1056 -> 0 | E1056: =A1056 -> 1055
A1057: 1056 | B1057: =_xlfn.XLOOKUP(A1057,new!C:C,new!BF:BF) -> 3776960 | C1057: =_xlfn.XLOOKUP(A1057,old!C:C,old!AP:AP) -> 4918190 | D1057: =B1057-C1057 -> -1141230 | E1057: 1392
A1058: 1057 | B1058: =_xlfn.XLOOKUP(A1058,new!C:C,new!BF:BF) -> 1397920 | C1058: =_xlfn.XLOOKUP(A1058,old!C:C,old!AP:AP) -> 1397920 | D1058: =B1058-C1058 -> 0 | E1058: =A1058 -> 1057
A1059: 1058 | B1059: =_xlfn.XLOOKUP(A1059,new!C:C,new!BF:BF) -> 12422000 | C1059: =_xlfn.XLOOKUP(A1059,old!C:C,old!AP:AP) -> 7503770 | D1059: =B1059-C1059 -> 4918230 | E1059: 1058
A1060: 1059 | B1060: =_xlfn.XLOOKUP(A1060,new!C:C,new!BF:BF) -> 8928920 | C1060: =_xlfn.XLOOKUP(A1060,old!C:C,old!AP:AP) -> 8928920 | D1060: =B1060-C1060 -> 0 | E1060: =A1060 -> 1059
A1061: 1060 | B1061: =_xlfn.XLOOKUP(A1061,new!C:C,new!BF:BF) -> 10274400 | C1061: =_xlfn.XLOOKUP(A1061,old!C:C,old!AP:AP) -> 10274400 | D1061: =B1061-C1061 -> 0 | E1061: =A1061 -> 1060
A1062: 1061 | B1062: =_xlfn.XLOOKUP(A1062,new!C:C,new!BF:BF) -> 8403680 | C1062: =_xlfn.XLOOKUP(A1062,old!C:C,old!AP:AP) -> 8403680 | D1062: =B1062-C1062 -> 0 | E1062: =A1062 -> 1061
A1063: 1062 | B1063: =_xlfn.XLOOKUP(A1063,new!C:C,new!BF:BF) -> 21012400 | C1063: =_xlfn.XLOOKUP(A1063,old!C:C,old!AP:AP) -> 21012400 | D1063: =B1063-C1063 -> 0 | E1063: =A1063 -> 1062
A1064: 1063 | B1064: =_xlfn.XLOOKUP(A1064,new!C:C,new!BF:BF) -> 15418100 | C1064: =_xlfn.XLOOKUP(A1064,old!C:C,old!AP:AP) -> 15418100 | D1064: =B1064-C1064 -> 0 | E1064: =A1064 -> 1063
A1065: 1064 | B1065: =_xlfn.XLOOKUP(A1065,new!C:C,new!BF:BF) -> 20592800 | C1065: =_xlfn.XLOOKUP(A1065,old!C:C,old!AP:AP) -> 20592800 | D1065: =B1065-C1065 -> 0 | E1065: =A1065 -> 1064
A1066: 1065 | B1066: =_xlfn.XLOOKUP(A1066,new!C:C,new!BF:BF) -> 6301890 | C1066: =_xlfn.XLOOKUP(A1066,old!C:C,old!AP:AP) -> 6301890 | D1066: =B1066-C1066 -> 0 | E1066: =A1066 -> 1065
A1067: 1066 | B1067: =_xlfn.XLOOKUP(A1067,new!C:C,new!BF:BF) -> 3457020 | C1067: =_xlfn.XLOOKUP(A1067,old!C:C,old!AP:AP) -> 3457020 | D1067: =B1067-C1067 -> 0 | E1067: =A1067 -> 1066
A1068: 1067 | B1068: =_xlfn.XLOOKUP(A1068,new!C:C,new!BF:BF) -> 5641580 | C1068: =_xlfn.XLOOKUP(A1068,old!C:C,old!AP:AP) -> 5641580 | D1068: =B1068-C1068 -> 0 | E1068: =A1068 -> 1067
A1069: 1068 | B1069: =_xlfn.XLOOKUP(A1069,new!C:C,new!BF:BF) -> 174250 | C1069: =_xlfn.XLOOKUP(A1069,old!C:C,old!AP:AP) -> 174250 | D1069: =B1069-C1069 -> 0 | E1069: =A1069 -> 1068
A1070: 1069 | B1070: =_xlfn.XLOOKUP(A1070,new!C:C,new!BF:BF) -> 2621060 | C1070: =_xlfn.XLOOKUP(A1070,old!C:C,old!AP:AP) -> 2621060 | D1070: =B1070-C1070 -> 0 | E1070: =A1070 -> 1069
A1071: 1070 | B1071: =_xlfn.XLOOKUP(A1071,new!C:C,new!BF:BF) -> 663491 | C1071: =_xlfn.XLOOKUP(A1071,old!C:C,old!AP:AP) -> 663491 | D1071: =B1071-C1071 -> 0 | E1071: =A1071 -> 1070
... A1281: 1280 | B1281: =_xlfn.XLOOKUP(A1281,new!C:C,new!BF:BF) -> 765776 | C1281: =_xlfn.XLOOKUP(A1281,old!C:C,old!AP:AP) -> 770382 | D1281: =B1281-C1281 -> -4606 | E1281: =A1281 -> 1280
A1282: 1281 | B1282: =_xlfn.XLOOKUP(A1282,new!C:C,new!BF:BF) -> 643964 | C1282: =_xlfn.XLOOKUP(A1282,old!C:C,old!AP:AP) -> 3195930 | D1282: =B1282-C1282 -> -2551966 | E1282: 1474
A1283: 1282 | B1283: =_xlfn.XLOOKUP(A1283,new!C:C,new!BF:BF) -> 16172600 | C1283: =_xlfn.XLOOKUP(A1283,old!C:C,old!AP:AP) -> 16172600 | D1283: =B1283-C1283 -> 0 | E1283: =A1283 -> 1282
A1284: 1283 | B1284: =_xlfn.XLOOKUP(A1284,new!C:C,new!BF:BF) -> 2442140 | C1284: =_xlfn.XLOOKUP(A1284,old!C:C,old!AP:AP) -> 2609680 | D1284: =B1284-C1284 -> -167540 | E1284: =A1284 -> 1283
A1285: 1284 | B1285: =_xlfn.XLOOKUP(A1285,new!C:C,new!BF:BF) -> 21178100 | C1285: =_xlfn.XLOOKUP(A1285,old!C:C,old!AP:AP) -> 21178100 | D1285: =B1285-C1285 -> 0 | E1285: =A1285 -> 1284
A1286: 1285 | B1286: =_xlfn.XLOOKUP(A1286,new!C:C,new!BF:BF) -> 49938900 | C1286: =_xlfn.XLOOKUP(A1286,old!C:C,old!AP:AP) -> 49938900 | D1286: =B1286-C1286 -> 0 | E1286: =A1286 -> 1285
A1287: 1286 | B1287: =_xlfn.XLOOKUP(A1287,new!C:C,new!BF:BF) -> 41465700 | C1287: =_xlfn.XLOOKUP(A1287,old!C:C,old!AP:AP) -> 26994300 | D1287: =B1287-C1287 -> 14471400 | E1287: =A1287 -> 1286
A1288: 1287 | B1288: =_xlfn.XLOOKUP(A1288,new!C:C,new!BF:BF) -> 6928950 | C1288: =_xlfn.XLOOKUP(A1288,old!C:C,old!AP:AP) -> 6928950 | D1288: =B1288-C1288 -> 0 | E1288: =A1288 -> 1287
A1289: 1288 | B1289: =_xlfn.XLOOKUP(A1289,new!C:C,new!BF:BF) -> 9626870 | C1289: =_xlfn.XLOOKUP(A1289,old!C:C,old!AP:AP) -> 9626870 | D1289: =B1289-C1289 -> 0 | E1289: =A1289 -> 1288
A1290: 1289 | B1290: =_xlfn.XLOOKUP(A1290,new!C:C,new!BF:BF) -> 5877860 | C1290: =_xlfn.XLOOKUP(A1290,old!C:C,old!AP:AP) -> 5877860 | D1290: =B1290-C1290 -> 0 | E1290: =A1290 -> 1289
A1291: 1290 | B1291: =_xlfn.XLOOKUP(A1291,new!C:C,new!BF:BF) -> 5742250 | C1291: =_xlfn.XLOOKUP(A1291,old!C:C,old!AP:AP) -> 5663120 | D1291: =B1291-C1291 -> 79130 | E1291: =A1291 -> 1290
A1292: 1291 | B1292: =_xlfn.XLOOKUP(A1292,new!C:C,new!BF:BF) -> 20132800 | C1292: =_xlfn.XLOOKUP(A1292,old!C:C,old!AP:AP) -> 20132800 | D1292: =B1292-C1292 -> 0 | E1292: =A1292 -> 1291
A1293: 1292 | B1293: =_xlfn.XLOOKUP(A1293,new!C:C,new!BF:BF) -> 833031 | C1293: =_xlfn.XLOOKUP(A1293,old!C:C,old!AP:AP) -> 827483 | D1293: =B1293-C1293 -> 5548 | E1293: =A1293 -> 1292
A1294: 1293 | B1294: =_xlfn.XLOOKUP(A1294,new!C:C,new!BF:BF) -> 1092370 | C1294: =_xlfn.XLOOKUP(A1294,old!C:C,old!AP:AP) -> 1092370 | D1294: =B1294-C1294 -> 0 | E1294: =A1294 -> 1293
... A1342: 1341 | B1342: =_xlfn.XLOOKUP(A1342,new!C:C,new!BF:BF) -> 2637620 | C1342: =_xlfn.XLOOKUP(A1342,old!C:C,old!AP:AP) -> 2637620 | D1342: =B1342-C1342 -> 0 | E1342: =A1342 -> 1341
A1343: 1342 | B1343: =_xlfn.XLOOKUP(A1343,new!C:C,new!BF:BF) -> 174859000 | C1343: =_xlfn.XLOOKUP(A1343,old!C:C,old!AP:AP) -> 1634740 | D1343: =B1343-C1343 -> 173224260 | E1343: 1336
A1344: 1343 | B1344: =_xlfn.XLOOKUP(A1344,new!C:C,new!BF:BF) -> 98106800 | C1344: =_xlfn.XLOOKUP(A1344,old!C:C,old!AP:AP) -> 191587000 | D1344: =B1344-C1344 -> -93480200 | E1344: 1343
A1345: 1344 | B1345: =_xlfn.XLOOKUP(A1345,new!C:C,new!BF:BF) -> 84012800 | C1345: =_xlfn.XLOOKUP(A1345,old!C:C,old!AP:AP) -> 7380500 | D1345: =B1345-C1345 -> 76632300 | E1345: 1344
A1346: 1345 | B1346: =_xlfn.XLOOKUP(A1346,new!C:C,new!BF:BF) -> 48577900 | C1346: =_xlfn.XLOOKUP(A1346,old!C:C,old!AP:AP) -> 37144400 | D1346: =B1346-C1346 -> 11433500 | E1346: =A1346 -> 1345
A1347: 1346 | B1347: =_xlfn.XLOOKUP(A1347,new!C:C,new!BF:BF) -> 39168800 | C1347: =_xlfn.XLOOKUP(A1347,old!C:C,old!AP:AP) -> 24237100 | D1347: =B1347-C1347 -> 14931700 | E1347: =A1347 -> 1346
A1348: 1347 | B1348: =_xlfn.XLOOKUP(A1348,new!C:C,new!BF:BF) -> 38219000 | C1348: =_xlfn.XLOOKUP(A1348,old!C:C,old!AP:AP) -> 29865300 | D1348: =B1348-C1348 -> 8353700 | E1348: =A1348 -> 1347
A1349: 1348 | B1349: =_xlfn.XLOOKUP(A1349,new!C:C,new!BF:BF) -> 63125800 | C1349: =_xlfn.XLOOKUP(A1349,old!C:C,old!AP:AP) -> 75828300 | D1349: =B1349-C1349 -> -12702500 | E1349: =A1349 -> 1348
A1350: 1349 | B1350: =_xlfn.XLOOKUP(A1350,new!C:C,new!BF:BF) -> 53076900 | C1350: =_xlfn.XLOOKUP(A1350,old!C:C,old!AP:AP) -> 56694400 | D1350: =B1350-C1350 -> -3617500 | E1350: =A1350 -> 1349
A1351: 1350 | B1351: =_xlfn.XLOOKUP(A1351,new!C:C,new!BF:BF) -> 57777800 | C1351: =_xlfn.XLOOKUP(A1351,old!C:C,old!AP:AP) -> 63441700 | D1351: =B1351-C1351 -> -5663900 | E1351: =A1351 -> 1350
A1352: 1351 | B1352: =_xlfn.XLOOKUP(A1352,new!C:C,new!BF:BF) -> 211406000 | C1352: =_xlfn.XLOOKUP(A1352,old!C:C,old!AP:AP) -> 8191440 | D1352: =B1352-C1352 -> 203214560 | E1352: 1432
A1353: 1352 | B1353: =_xlfn.XLOOKUP(A1353,new!C:C,new!BF:BF) -> 306384000 | C1353: =_xlfn.XLOOKUP(A1353,old!C:C,old!AP:AP) -> 306384000 | D1353: =B1353-C1353 -> 0 | E1353: =A1353 -> 1352
A1354: 1353 | B1354: =_xlfn.XLOOKUP(A1354,new!C:C,new!BF:BF) -> 44970100 | C1354: =_xlfn.XLOOKUP(A1354,old!C:C,old!AP:AP) -> 44970100 | D1354: =B1354-C1354 -> 0 | E1354: =A1354 -> 1353
A1355: 1354 | B1355: =_xlfn.XLOOKUP(A1355,new!C:C,new!BF:BF) -> 111990000 | C1355: =_xlfn.XLOOKUP(A1355,old!C:C,old!AP:AP) -> 111990000 | D1355: =B1355-C1355 -> 0 | E1355: =A1355 -> 1354
A1356: 1355 | B1356: =_xlfn.XLOOKUP(A1356,new!C:C,new!BF:BF) -> 46564700 | C1356: =_xlfn.XLOOKUP(A1356,old!C:C,old!AP:AP) -> 46564700 | D1356: =B1356-C1356 -> 0 | E1356: =A1356 -> 1355
A1357: 1356 | B1357: =_xlfn.XLOOKUP(A1357,new!C:C,new!BF:BF) -> 91766200 | C1357: =_xlfn.XLOOKUP(A1357,old!C:C,old!AP:AP) -> 91766200 | D1357: =B1357-C1357 -> 0 | E1357: =A1357 -> 1356
A1358: 1357 | B1358: =_xlfn.XLOOKUP(A1358,new!C:C,new!BF:BF) -> 54516700 | C1358: =_xlfn.XLOOKUP(A1358,old!C:C,old!AP:AP) -> 54516700 | D1358: =B1358-C1358 -> 0 | E1358: =A1358 -> 1357
...

Sheet old
A1: attribute table from: Cells_Coastwide_upland_MP29Task23_v4_noVoid
A2: FID | B2: Shape * | C2: ICM_ID | D2: TotalArea | E2: PercWater | F2: PercUpland | G2: PercMarsh | H2: MarshEdgeA | I2: WSEL_ini | J2: bed_elev | K2: ero_bed_dp | L2: percETcalc | M2: init_sal | N2: RainGage | O2: WindGage | P2: ETGage | Q2: CurCoeff | R2: bedFricCoe | S2: NonSandExp | T2: NonSandCoe | U2: SandCoeff | V2: KadlacKa | W2: KadlacKdep | X2: MEErosion | Y2: marsh_elev | Z2: soil_moi_d | AA2: SedDepo_f | AB2: Eh_adj | AC2: marsh_ELsd | AD2: Notes | AE2: ICM_region | AF2: LW_update | AG2: Projectnam | AH2: Bulk_dens | AI2: offshorTSS | AJ2: TideGage | AK2: sand_adapt | AL2: Tributary | AM2: Trib_Num | AN2: Qmult | AO2: CRMS_stnid | AP2: area_m2
A3: 0 | B3: Polygon ZM | C3: 1 | D3: 89413998 | E3: 0.025921 | F3: 0.639069 | G3: 0.33501 | H3: 349300 | I3: 0 | J3: -0.00385 | K3: 0.05 | L3: 10 | M3: 0 | N3: 286 | O3: 196 | P3: 1 | Q3: 0.023 | R3: 0.001 | S3: 1 | T3: 0 | U3: 0.008 | V3: 0.05 | W3: 0.05 | X3: 0 | Y3: 3.927539 | Z3: 0.2 | AA3: 1 | AB3: -7.257101 | AC3: 7.257101 | AD3: 2D compartment | AE3: PB | AF3: 1 | AH3: 0.835 | AI3: -9999 | AK3: 0.25 | AP3: 89414000
A4: 1 | B4: Polygon ZM | C4: 2 | D4: 73299177 | E4: 0.001277 | F4: 0.032074 | G4: 0.966649 | H4: 42800 | I4: 0 | J4: -0.502225 | K4: 0.05 | L4: 10 | M4: 0 | N4: 286 | O4: 197 | P4: 1 | Q4: 0.023 | R4: 0.001 | S4: 1 | T4: 0 | U4: 0.008 | V4: 0.05 | W4: 0.05 | X4: 0 | Y4: 0.481542 | Z4: 0.2 | AA4: 1 | AB4: -1.556331 | AC4: 1.556331 | AD4: 2D compartment | AE4: PB | AF4: 1 | AH4: 0.835 | AI4: -9999 | AK4: 0.25 | AO4: CRMS0065-H02 | AP4: 73299200
A5: 2 | B5: Polygon ZM | C5: 3 | D5: 19385799 | E5: 0.00147 | F5: 0.037538 | G5: 0.960992 | H5: 88500 | I5: 0 | J5: -0.5 | K5: 0.05 | L5: 10 | M5: 0 | N5: 286 | O5: 197 | P5: 1 | Q5: 0.023 | R5: 0.001 | S5: 1 | T5: 0 | U5: 0.008 | V5: 0.05 | W5: 0.05 | X5: 0 | Y5: 0.251051 | Z5: 0.2 | AA5: 1 | AB5: -0.16967 | AC5: 0.16967 | AD5: 2D compartment | AE5: PB | AF5: 1 | AG5: West Maurepas Swamp | AH5: 0.835 | AI5: -9999 | AK5: 0.25 | AO5: CRMS5167-H01 | AP5: 19385800
A6: 3 | B6: Polygon ZM | C6: 4 | D6: 20564566 | E6: 0.000754 | F6: 0.021873 | G6: 0.977374 | H6: 69200 | I6: 0 | J6: -0.5 | K6: 0.05 | L6: 10 | M6: 0 | N6: 286 | O6: 210 | P6: 1 | Q6: 0.023 | R6: 0.001 | S6: 1 | T6: 0 | U6: 0.008 | V6: 0.05 | W6: 0.05 | X6: 0 | Y6: 0.338133 | Z6: 0.2 | AA6: 1 | AB6: -0.20836 | AC6: 0.20836 | AD6: 2D compartment | AE6: PB | AF6: 1 | AH6: 0.835 | AI6: -9999 | AK6: 0.25 | AO6: CRMS0039-H01 | AP6: 20564600
A7: 4 | B7: Polygon ZM | C7: 5 | D7: 24064804 | E7: 0.001554 | F7: 0.126492 | G7: 0.871954 | H7: 18000 | I7: 0 | J7: -0.664898 | K7: 0.05 | L7: 10 | M7: 0 | N7: 261 | O7: 210 | P7: 1 | Q7: 0.023 | R7: 0.001 | S7: 1 | T7: 0 | U7: 0.008 | V7: 0.05 | W7: 0.05 | X7: 0 | Y7: 0.398635 | Z7: 0.2 | AA7: 1 | AB7: -0.241379 | AC7: 0.241379 | AD7: 2D compartment | AE7: PB | AF7: 1 | AH7: 0.835 | AI7: -9999 | AK7: 0.25 | AP7: 24064800
A8: 5 | B8: Polygon ZM | C8: 6 | D8: 37491882 | E8: 0.055855 | F8: 0.700672 | G8: 0.243474 | H8: 339700 | I8: 0 | J8: -0.00385 | K8: 0.05 | L8: 10 | M8: 0 | N8: 261 | O8: 209 | P8: 1 | Q8: 0.023 | R8: 0.001 | S8: 1 | T8: 0 | U8: 0.008 | V8: 0.05 | W8: 0.05 | X8: 0 | Y8: 3.109962 | Z8: 0.2 | AA8: 1 | AB8: -2.760475 | AC8: 2.760475 | AD8: 2D compartment | AE8: PB | AF8: 1 | AH8: 0.835 | AI8: -9999 | AK8: 0.25 | AP8: 37491900
A9: 6 | B9: Polygon ZM | C9: 7 | D9: 14809665 | E9: 0.001654 | F9: 0.286833 | G9: 0.711513 | H9: 33000 | I9: 0 | J9: -0.219645 | K9: 0.05 | L9: 10 | M9: 0 | N9: 261 | O9: 223 | P9: 1 | Q9: 0.023 | R9: 0.001 | S9: 1 | T9: 0 | U9: 0.008 | V9: 0.05 | W9: 0.05 | X9: 0 | Y9: 0.434669 | Z9: 0.2 | AA9: 1 | AB9: -0.273317 | AC9: 0.273317 | AD9: 2D compartment | AE9: PB | AF9: 1 | AH9: 0.835 | AI9: -9999 | AK9: 0.25 | AO9: CRMS0059-H02 | AP9: 14809700
A10: 7 | B10: Polygon ZM | C10: 8 | D10: 13390575 | E10: 0.012225 | F10: 0.844325 | G10: 0.14345 | H10: 24300 | I10: 0 | J10: -0.00385 | K10: 0.05 | L10: 10 | M10: 0 | N10: 261 | O10: 223 | P10: 1 | Q10: 0.023 | R10: 0.001 | S10: 1 | T10: 0 | U10: 0.008 | V10: 0.05 | W10: 0.05 | X10: 0 | Y10: 1.048059 | Z10: 0.2 | AA10: 1 | AB10: -0.550358 | AC10: 0.550358 | AD10: 2D compartment | AE10: PB | AF10: 1 | AH10: 0.835 | AI10: -9999 | AK10: 0.25 | AP10: 13390600
A11: 8 | B11: Polygon ZM | C11: 9 | D11: 21659036 | E11: 0.000891 | F11: 0.343926 | G11: 0.655183 | H11: 31200 | I11: 0 | J11: -0.006528 | K11: 0.05 | L11: 10 | M11: 0 | N11: 261 | O11: 223 | P11: 1 | Q11: 0.023 | R11: 0.001 | S11: 1 | T11: 0 | U11: 0.008 | V11: 0.05 | W11: 0.05 | X11: 0.014247 | Y11: 0.751304 | Z11: 0.2 | AA11: 1 | AB11: -0.546379 | AC11: 0.546379 | AD11: 2D compartment | AE11: PB | AF11: 1 | AH11: 0.835 | AI11: -9999 | AK11: 0.25 | AP11: 21659000
A12: 9 | B12: Polygon ZM | C12: 10 | D12: 24574494 | E12: 0.011402 | F12: 0.747808 | G12: 0.24079 | H12: 68300 | I12: 0 | J12: -0.00385 | K12: 0.05 | L12: 10 | M12: 0 | N12: 261 | O12: 223 | P12: 1 | Q12: 0.023 | R12: 0.001 | S12: 1 | T12: 0 | U12: 0.008 | V12: 0.05 | W12: 0.05 | X12: 0 | Y12: 2.251615 | Z12: 0.2 | AA12: 1 | AB12: -1.00122 | AC12: 1.00122 | AD12: 2D compartment | AE12: PB | AF12: 1 | AH12: 0.835 | AI12: -9999 | AK12: 0.25 | AP12: 24574500
A13: 10 | B13: Polygon ZM | C13: 11 | D13: 28238972 | E13: 0.144839 | F13: 0.063586 | G13: 0.791575 | H13: 1800400 | I13: 0 | J13: -0.50882 | K13: 0.05 | L13: 10 | M13: 0 | N13: 230 | O13: 223 | P13: 1 | Q13: 0.023 | R13: 0.001 | S13: 1 | T13: 0 | U13: 0.008 | V13: 0.05 | W13: 0.05 | X13: 0.083592 | Y13: 0.857267 | Z13: 0.2 | AA13: 1 | AB13: -0.659619 | AC13: 0.659619 | AD13: 2D tributary boundary (Qmult > 0) | AE13: PB | AF13: 1 | AH13: 0.835 | AI13: -9999 | AK13: 0.25 | AL13: Bonnet Carre Spillway | AM13: 42 | AN13: 1 | AP13: 28239000
A14: 11 | B14: Polygon ZM | C14: 12 | D14: 30197797 | E14: 0.176784 | F14: 0.033668 | G14: 0.789548 | H14: 1178000 | I14: 0 | J14: -0.5859 | K14: 0.05 | L14: 10 | M14: 0 | N14: 209 | O14: 237 | P14: 1 | Q14: 0.023 | R14: 0.001 | S14: 1 | T14: 0 | U14: 0.008 | V14: 0.05 | W14: 0.05 | X14: 0.101319 | Y14: 0.226043 | Z14: 0.2 | AA14: 1 | AB14: -0.234327 | AC14: 0.234327 | AD14: 2D tributary boundary (Qmult > 0) | AE14: PB | AF14: 1 | AH14: 0.835 | AI14: -9999 | AK14: 0.25 | AL14: LaBranche Hydrologic Restoration | AM14: 44 | AN14: 1 | AP14: 30197800
A15: 12 | B15: Polygon ZM | C15: 13 | D15: 227355705 | E15: 0.007775 | F15: 0.978743 | G15: 0.013482 | H15: 348300 | I15: 0 | J15: -0.950618 | K15: 0.05 | L15: 10 | M15: 0 | N15: 106 | O15: 237 | P15: 1 | Q15: 0.023 | R15: 0.001 | S15: 1 | T15: 0 | U15: 0.008 | V15: 0.05 | W15: 0.05 | X15: 0.004667 | Y15: 0.117142 | Z15: 0.2 | AA15: 1 | AB15: -1.928741 | AC15: 1.928741 | AD15: 2D compartment | AE15: PB | AF15: 1 | AH15: 0.835 | AI15: -9999 | AK15: 0.25 | AP15: 227356000
A16: 13 | B16: Polygon ZM | C16: 14 | D16: 59310369 | E16: 0.01939 | F16: 0.846039 | G16: 0.134571 | H16: 235500 | I16: 0 | J16: -3.115465 | K16: 0.05 | L16: 10 | M16: 0 | N16: 63 | O16: 265 | P16: 1 | Q16: 0.023 | R16: 0.001 | S16: 1 | T16: 0 | U16: 0.008 | V16: 0.05 | W16: 0.05 | X16: 0.048285 | Y16: -0.631149 | Z16: 0.2 | AA16: 1 | AB16: -2.494045 | AC16: 2.494045 | AD16: 2D compartment | AE16: PB | AF16: 1 | AH16: 0.835 | AI16: -9999 | AK16: 0.25 | AP16: 59310400
A17: 14 | B17: Polygon ZM | C17: 15 | D17: 43748405 | E17: 0.012451 | F17: 0.011486 | G17: 0.976063 | H17: 417100 | I17: 0 | J17: -2.86 | K17: 0.05 | L17: 10 | M17: 0 | N17: 274 | O17: 197 | P17: 1 | Q17: 0.023 | R17: 0.001 | S17: 1 | T17: 0 | U17: 0.008 | V17: 0.05 | W17: 0.05 | X17: 0.077421 | Y17: 0.31917 | Z17: 0.2 | AA17: 1 | AB17: -0.192352 | AC17: 0.192352 | AD17: 2D tributary boundary (Qmult > 0) | AE17: PB | AF17: 1 | AG17: West Maurepas Swamp | AH17: 0.835 | AI17: -9999 | AK17: 0.25 | AL17: Union & West Maurepas Diversion | AM17: 38 + 39 | AN17: 1 + 1 | AP17: 43748400
A18: 15 | B18: Polygon ZM | C18: 16 | D18: 21927368 | E18: 0.000889 | F18: 0.007917 | G18: 0.991194 | H18: 91200 | I18: 0 | J18: -0.775204 | K18: 0.05 | L18: 10 | M18: 0 | N18: 236 | O18: 210 | P18: 1 | Q18: 0.023 | R18: 0.001 | S18: 1 | T18: 0 | U18: 0.008 | V18: 0.05 | W18: 0.05 | X18: 0 | Y18: 0.265363 | Z18: 0.2 | AA18: 1 | AB18: -0.116821 | AC18: 0.116821 | AD18: 2D tributary boundary (Qmult > 0) | AE18: PB | AF18: 1 | AG18: West Maurepas Swamp | AH18: 0.835 | AI18: -9999 | AK18: 0.25 | AL18: East Maurepas Diversion | AM18: 40 | AN18: 0.5 | AP18: 21927400
A19: 16 | B19: Polygon ZM | C19: 17 | D19: 21732064 | E19: 0.001109 | F19: 0.000115 | G19: 0.998776 | H19: 87800 | I19: 0 | J19: -2.494671 | K19: 0.05 | L19: 10 | M19: 0 | N19: 258 | O19: 210 | P19: 1 | Q19: 0.023 | R19: 0.001 | S19: 1 | T19: 0 | U19: 0.008 | V19: 0.05 | W19: 0.05 | X19: 0.039294 | Y19: 0.313757 | Z19: 0.2 | AA19: 1 | AB19: -0.120698 | AC19: 0.120698 | AD19: 2D compartment | AE19: PB | AF19: 1 | AG19: West Maurepas Swamp | AH19: 0.835 | AI19: -9999 | AK19: 0.25 | AO19: CRMS0097-H01 | AP19: 21732100
A20: 17 | B20: Polygon ZM | C20: 18 | D20: 30146863 | E20: 0.004465 | F20: 0.001038 | G20: 0.994497 | H20: 304100 | I20: 0 | J20: -0.95315 | K20: 0.05 | L20: 10 | M20: 0 | N20: 236 | O20: 210 | P20: 1 | Q20: 0.023 | R20: 0.001 | S20: 1 | T20: 0 | U20: 0.008 | V20: 0.05 | W20: 0.05 | X20: 0.091101 | Y20: 0.281152 | Z20: 0.2 | AA20: 1 | AB20: -0.129884 | AC20: 0.129884 | AD20: 2D compartment | AE20: PB | AF20: 1 | AG20: West Maurepas Swamp | AH20: 0.835 | AI20: -9999 | AK20: 0.25 | AO20: CRMS0061-H01 | AP20: 30146900
A21: 18 | B21: Polygon ZM | C21: 19 | D21: 25767723 | E21: 0.00012 | F21: 0.005189 | G21: 0.994691 | H21: 55500 | I21: 0 | J21: -0.5 | K21: 0.05 | L21: 10 | M21: 0 | N21: 236 | O21: 210 | P21: 1 | Q21: 0.023 | R21: 0.001 | S21: 1 | T21: 0 | U21: 0.008 | V21: 0.05 | W21: 0.05 | X21: 0 | Y21: 0.306674 | Z21: 0.2 | AA21: 1 | AB21: -0.114035 | AC21: 0.114035 | AD21: 2D tributary boundary (Qmult > 0) | AE21: PB | AF21: 1 | AG21: West Maurepas Swamp | AH21: 0.835 | AI21: -9999 | AK21: 0.25 | AL21: East Maurepas Diversion | AM21: 40 | AN21: 0.5 | AO21: CRMS5414-H01 | AP21: 25767700
A22: 19 | B22: Polygon ZM | C22: 20 | D22: 11803852 | E22: 0.000432 | F22: 0.000102 | G22: 0.999466 | H22: 61100 | I22: 0 | J22: -0.5 | K22: 0.05 | L22: 10 | M22: 0 | N22: 236 | O22: 210 | P22: 1 | Q22: 0.023 | R22: 0.001 | S22: 1 | T22: 0 | U22: 0.008 | V22: 0.05 | W22: 0.05 | X22: 0.070701 | Y22: 0.338019 | Z22: 0.2 | AA22: 1 | AB22: -0.079711 | AC22: 0.079711 | AD22: 2D compartment | AE22: PB | AF22: 1 | AG22: West Maurepas Swamp | AH22: 0.835 | AI22: -9999 | AK22: 0.25 | AP22: 11803900
A23: 20 | B23: Polygon ZM | C23: 21 | D23: 14083304 | E23: 0.000483 | F23: 0.002961 | G23: 0.996556 | H23: 25600 | I23: 0 | J23: -0.353891 | K23: 0.05 | L23: 10 | M23: 0 | N23: 236 | O23: 210 | P23: 1 | Q23: 0.023 | R23: 0.001 | S23: 1 | T23: 0 | U23: 0.008 | V23: 0.05 | W23: 0.05 | X23: 0 | Y23: 0.301171 | Z23: 0.2 | AA23: 1 | AB23: -0.106519 | AC23: 0.106519 | AD23: 2D compartment | AE23: PB | AF23: 1 | AH23: 0.835 | AI23: -9999 | AK23: 0.25 | AO23: CRMS0089-H02 | AP23: 14083300
A24: 21 | B24: Polygon ZM | C24: 22 | D24: 9098213 | E24: 0.001506 | F24: 0.008507 | G24: 0.989987 | H24: 32100 | I24: 0 | J24: -0.361492 | K24: 0.05 | L24: 10 | M24: 0 | N24: 236 | O24: 210 | P24: 1 | Q24: 0.023 | R24: 0.001 | S24: 1 | T24: 0 | U24: 0.008 | V24: 0.05 | W24: 0.05 | X24: 0.0332 | Y24: 0.340573 | Z24: 0.2 | AA24: 1 | AB24: -0.091441 | AC24: 0.091441 | AD24: 2D compartment | AE24: PB | AF24: 1 | AH24: 0.835 | AI24: -9999 | AK24: 0.25 | AO24: CRMS0090-W01 | AP24: 9098210
A25: 22 | B25: Polygon ZM | C25: 23 | D25: 17601074 | E25: 0.000795 | F25: 0.001347 | G25: 0.997858 | H25: 44000 | I25: 0 | J25: -0.288285 | K25: 0.05 | L25: 10 | M25: 0 | N25: 236 | O25: 224 | P25: 1 | Q25: 0.023 | R25: 0.001 | S25: 1 | T25: 0 | U25: 0.008 | V25: 0.05 | W25: 0.05 | X25: 0 | Y25: 0.356071 | Z25: 0.2 | AA25: 1 | AB25: -0.139808 | AC25: 0.139808 | AD25: 2D compartment | AE25: PB | AF25: 1 | AH25: 0.835 | AI25: -9999 | AK25: 0.25 | AO25: CRMS0047-H01 | AP25: 17601100
A26: 23 | B26: Polygon ZM | C26: 24 | D26: 13970240 | E26: 0.006442 | F26: 0 | G26: 0.993558 | H26: 109400 | I26: 0 | J26: -0.514421 | K26: 0.05 | L26: 10 | M26: 0 | N26: 136 | O26: 224 | P26: 1 | Q26: 0.023 | R26: 0.001 | S26: 1 | T26: 0 | U26: 0.008 | V26: 0.05 | W26: 0.05 | X26: 0.090165 | Y26: 0.328267 | Z26: 0.2 | AA26: 1 | AB26: -0.085418 | AC26: 0.085418 | AD26: 2D compartment | AE26: PB | AF26: 1 | AH26: 0.835 | AI26: -9999 | AK26: 0.25 | AO26: CRMS0058-H02 | AP26: 13970200
A27: 24 | B27: Polygon ZM | C27: 25 | D27: 23986679 | E27: 0.000233 | F27: 0.019286 | G27: 0.980481 | H27: 10200 | I27: 0 | J27: -0.376629 | K27: 0.05 | L27: 10 | M27: 0 | N27: 236 | O27: 224 | P27: 1 | Q27: 0.023 | R27: 0.001 | S27: 1 | T27: 0 | U27: 0.008 | V27: 0.05 | W27: 0.05 | X27: 0.000994 | Y27: 0.409305 | Z27: 0.2 | AA27: 1 | AB27: -0.105901 | AC27: 0.105901 | AD27: 2D compartment | AE27: PB | AF27: 1 | AH27: 0.835 | AI27: -9999 | AK27: 0.25 | AP27: 23986700
A28: 25 | B28: Polygon ZM | C28: 26 | D28: 20977096 | E28: 0.007508 | F28: 6.7e-05 | G28: 0.992425 | H28: 193600 | I28: 0 | J28: -0.5 | K28: 0.05 | L28: 10 | M28: 0 | N28: 136 | O28: 224 | P28: 1 | Q28: 0.023 | R28: 0.001 | S28: 1 | T28: 0 | U28: 0.008 | V28: 0.05 | W28: 0.05 | X28: 0.174654 | Y28: 0.287162 | Z28: 0.2 | AA28: 1 | AB28: -0.076718 | AC28: 0.076718 | AD28: 2D compartment | AE28: PB | AF28: 1 | AH28: 0.835 | AI28: -9999 | AK28: 0.25 | AO28: CRMS3913-H01 | AP28: 20977100
A29: 26 | B29: Polygon ZM | C29: 27 | D29: 15187944 | E29: 0.001159 | F29: 0.015414 | G29: 0.983428 | H29: 64100 | I29: 0 | J29: -1 | K29: 0.05 | L29: 10 | M29: 0 | N29: 106 | O29: 224 | P29: 1 | Q29: 0.023 | R29: 0.001 | S29: 1 | T29: 0 | U29: 0.008 | V29: 0.05 | W29: 0.05 | X29: 0.167428 | Y29: 0.363169 | Z29: 0.2 | AA29: 1 | AB29: -0.176035 | AC29: 0.176035 | AD29: 2D compartment | AE29: PB | AF29: 1 | AH29: 0.835 | AI29: -9999 | AK29: 0.25 | AO29: CRMS0056-H01 | AP29: 15187900
A30: 27 | B30: Polygon ZM | C30: 28 | D30: 40649267 | E30: 0.005001 | F30: 0.049757 | G30: 0.945241 | H30: 346200 | I30: 0 | J30: -0.230911 | K30: 0.05 | L30: 10 | M30: 0 | N30: 258 | O30: 210 | P30: 1 | Q30: 0.023 | R30: 0.001 | S30: 1 | T30: 0 | U30: 0.008 | V30: 0.05 | W30: 0.05 | X30: 0.04533 | Y30: 0.306926 | Z30: 0.2 | AA30: 1 | AB30: -0.170815 | AC30: 0.170815 | AD30: 2D compartment | AE30: PB | AF30: 1 | AH30: 0.835 | AI30: -9999 | AK30: 0.25 | AO30: CRMS0008-H02 | AP30: 40649300
A31: 28 | B31: Polygon ZM | C31: 29 | D31: 55791742 | E31: 0.003791 | F31: 0.05924 | G31: 0.936969 | H31: 367200 | I31: 0 | J31: -0.76398 | K31: 0.05 | L31: 10 | M31: 0 | N31: 215 | O31: 210 | P31: 1 | Q31: 0.023 | R31: 0.001 | S31: 1 | T31: 0 | U31: 0.008 | V31: 0.05 | W31: 0.05 | X31: 0.057462 | Y31: 0.475463 | Z31: 0.2 | AA31: 1 | AB31: -0.337036 | AC31: 0.337036 | AD31: 2D compartment | AE31: PB | AF31: 1 | AH31: 0.835 | AI31: -9999 | AK31: 0.25 | AO31: CRMS5267-H01 | AP31: 55791700
A32: 29 | B32: Polygon ZM | C32: 30 | D32: 32882479 | E32: 0.008543 | F32: 0.011453 | G32: 0.980005 | H32: 292200 | I32: 0 | J32: -1.938208 | K32: 0.05 | L32: 10 | M32: 0 | N32: 97 | O32: 225 | P32: 1 | Q32: 0.023 | R32: 0.001 | S32: 1 | T32: 0 | U32: 0.008 | V32: 0.05 | W32: 0.05 | X32: 0.098592 | Y32: 0.437258 | Z32: 0.2 | AA32: 1 | AB32: -0.166099 | AC32: 0.166099 | AD32: 2D compartment | AE32: PB | AF32: 1 | AH32: 0.835 | AI32: -9999 | AK32: 0.25 | AP32: 32882500
A33: 30 | B33: Polygon ZM | C33: 31 | D33: 19142288 | E33: 0.003375 | F33: 0.049132 | G33: 0.947493 | H33: 218700 | I33: 0 | J33: -0.42986 | K33: 0.05 | L33: 10 | M33: 0 | N33: 97 | O33: 225 | P33: 1 | Q33: 0.023 | R33: 0.001 | S33: 1 | T33: 0 | U33: 0.008 | V33: 0.05 | W33: 0.05 | X33: 0.063471 | Y33: 0.362347 | Z33: 0.2 | AA33: 1 | AB33: -0.211376 | AC33: 0.211376 | AD33: 2D compartment | AE33: PB | AF33: 1 | AH33: 0.835 | AI33: -9999 | AK33: 0.25 | AP33: 19142300
A34: 31 | B34: Polygon ZM | C34: 32 | D34: 63140202 | E34: 0.002319 | F34: 0.006272 | G34: 0.99141 | H34: 300100 | I34: 0 | J34: -0.782858 | K34: 0.05 | L34: 10 | M34: 0 | N34: 97 | O34: 225 | P34: 1 | Q34: 0.023 | R34: 0.001 | S34: 1 | T34: 0 | U34: 0.008 | V34: 0.05 | W34: 0.05 | X34: 0.041801 | Y34: 0.401041 | Z34: 0.2 | AA34: 1 | AB34: -0.101923 | AC34: 0.101923 | AD34: 2D compartment | AE34: PB | AF34: 1 | AH34: 0.835 | AI34: -9999 | AK34: 0.25 | AP34: 63140200
A35: 32 | B35: Polygon ZM | C35: 33 | D35: 261849984 | E35: 1 | F35: 0 | G35: 0 | H35: 1232600 | I35: 0 | J35: -2.832427 | K35: 0.05 | L35: 10 | M35: 0 | N35: 150 | O35: 224 | P35: 1 | Q35: 0.023 | R35: 0.001 | S35: 1 | T35: 0 | U35: 0.008 | V35: 0.05 | W35: 0.05 | X35: 0.048496 | Y35: 0.274281 | Z35: 0.2 | AA35: 1 | AB35: -0.2646 | AC35: 0.2646 | AD35: 2D tributary boundary (Qmult > 0) | AE35: PB | AF35: 0 | AH35: 0.835 | AI35: -9999 | AK35: 0.25 | AL35: S Lake Maurepas ungaged drainage | AM35: 34 | AN35: 0.5 | AO35: CRMS0034-H01 | AP35: 261850000
A36: 33 | B36: Polygon ZM | C36: 34 | D36: 145537009 | E36: 0.002992 | F36: 0.008077 | G36: 0.988931 | H36: 573300 | I36: 0 | J36: -5.33 | K36: 0.05 | L36: 10 | M36: 0 | N36: 80 | O36: 225 | P36: 1 | Q36: 0.023 | R36: 0.001 | S36: 1 | T36: 0 | U36: 0.008 | V36: 0.05 | W36: 0.05 | X36: 0.057159 | Y36: 0.425688 | Z36: 0.2 | AA36: 1 | AB36: -0.235331 | AC36: 0.235331 | AD36: 2D compartment | AE36: PB | AF36: 1 | AH36: 0.835 | AI36: -9999 | AK36: 0.25 | AO36: CRMS0030-H01 | AP36: 145537000
A37: 34 | B37: Polygon ZM | C37: 35 | D37: 16387070 | E37: 0.001404 | F37: 0.002923 | G37: 0.995673 | H37: 69700 | I37: 0 | J37: -0.746512 | K37: 0.05 | L37: 10 | M37: 0 | N37: 48 | O37: 239 | P37: 1 | Q37: 0.023 | R37: 0.001 | S37: 1 | T37: 0 | U37: 0.008 | V37: 0.05 | W37: 0.05 | X37: 0.087835 | Y37: 0.375839 | Z37: 0.2 | AA37: 1 | AB37: -0.109398 | AC37: 0.109398 | AD37: 2D compartment | AE37: PB | AF37: 1 | AH37: 0.835 | AI37: -9999 | AK37: 0.25 | AO37: CRMS0103-H01 | AP37: 16387100
A38: 35 | B38: Polygon ZM | C38: 36 | D38: 11178431 | E38: 0.004562 | F38: 0.006074 | G38: 0.989363 | H38: 80800 | I38: 0 | J38: -1 | K38: 0.05 | L38: 10 | M38: 0 | N38: 48 | O38: 253 | P38: 1 | Q38: 0.023 | R38: 0.001 | S38: 1 | T38: 0 | U38: 0.008 | V38: 0.05 | W38: 0.05 | X38: 0.062883 | Y38: 0.330344 | Z38: 0.2 | AA38: 1 | AB38: -0.117882 | AC38: 0.117882 | AD38: 2D compartment | AE38: PB | AF38: 1 | AH38: 0.835 | AI38: -9999 | AK38: 0.25 | AO38: CRMS4094-H01 | AP38: 11178400
A39: 36 | B39: Polygon ZM | C39: 37 | D39: 876906366 | E39: 1 | F39: 0 | G39: 0 | H39: 1086800 | I39: 0 | J39: -3.394203 | K39: 0.05 | L39: 10 | M39: 0 | N39: 106 | O39: 238 | P39: 1 | Q39: 0.023 | R39: 0.001 | S39: 1 | T39: 0 | U39: 0.008 | V39: 0.05 | W39: 0.05 | X39: 0.018745 | Y39: 0.63547 | Z39: 0.2 | AA39: 1 | AB39: -0.776585 | AC39: 0.776585 | AD39: 2D tributary boundary (Qmult > 0) | AE39: PB | AF39: 0 | AH39: 0.835 | AI39: -9999 | AK39: 0.25 | AL39: S/SW Lake Pontch ungaged drainage | AM39: 32 + 33 | AN39: 0.5 + 1 | AP39: 876905000
A40: 37 | B40: Polygon ZM | C40: 38 | D40: 672883641 | E40: 1 | F40: 0 | G40: 0 | H40: 720100 | I40: 0 | J40: -3.901745 | K40: 0.05 | L40: 10 | M40: 0 | N40: 45 | O40: 252 | P40: 1 | Q40: 0.023 | R40: 0.001 | S40: 1 | T40: 0 | U40: 0.008 | V40: 0.05 | W40: 0.05 | X40: 0.028301 | Y40: 0.73243 | Z40: 0.2 | AA40: 1 | AB40: -0.955561 | AC40: 0.955561 | AD40: 2D tributary boundary (Qmult > 0) | AE40: PB | AF40: 0 | AH40: 0.835 | AI40: -9999 | AK40: 0.25 | AL40: SE/S Lake Pontch ungaged drainage | AM40: 31 + 32 | AN40: 1 + 0.5 | AP40: 672884000
A41: 38 | B41: Polygon ZM | C41: 39 | D41: 21810910 | E41: 0.271969 | F41: 0.004677 | G41: 0.723354 | H41: 1765100 | I41: 0 | J41: -0.176669 | K41: 0.05 | L41: 10 | M41: 0 | N41: 45 | O41: 253 | P41: 1 | Q41: 0.023 | R41: 0.001 | S41: 1 | T41: 0 | U41: 0.008 | V41: 0.05 | W41: 0.05 | X41: 0.137891 | Y41: 0.2772 | Z41: 0.2 | AA41: 1 | AB41: -0.204805 | AC41: 0.204805 | AD41: 2D compartment | AE41: PB | AF41: 1 | AH41: 0.835 | AI41: -9999 | AK41: 0.25 | AO41: CRMS0006-H01 | AP41: 21810900
A42: 39 | B42: Polygon ZM | C42: 40 | D42: 9755350 | E42: 0.250273 | F42: 0.020901 | G42: 0.728826 | H42: 1101800 | I42: 0 | J42: -0.394936 | K42: 0.05 | L42: 10 | M42: 0 | N42: 36 | O42: 266 | P42: 1 | Q42: 0.023 | R42: 0.001 | S42: 1 | T42: 0 | U42: 0.008 | V42: 0.05 | W42: 0.05 | X42: 0.254142 | Y42: 0.266705 | Z42: 0.2 | AA42: 1 | AB42: -0.224766 | AC42: 0.224766 | AD42: 2D compartment | AE42: PB | AF42: 1 | AH42: 0.835 | AI42: -9999 | AK42: 0.25 | AP42: 9755350
A43: 40 | B43: Polygon ZM | C43: 41 | D43: 57026450 | E43: 0.25198 | F43: 0.048613 | G43: 0.699408 | H43: 1834600 | I43: 0 | J43: -0.463838 | K43: 0.05 | L43: 10 | M43: 0 | N43: 51 | O43: 265 | P43: 1 | Q43: 0.023 | R43: 0.001 | S43: 1 | T43: 0 | U43: 0.008 | V43: 0.05 | W43: 0.05 | X43: 0.141269 | Y43: 0.014043 | Z43: 0.2 | AA43: 1 | AB43: -0.441057 | AC43: 0.441057 | AD43: 2D compartment | AE43: PB | AF43: 1 | AH43: 0.835 | AI43: -9999 | AK43: 0.25 | AO43: CRMS4107-H01 | AP43: 57026400
A44: 41 | B44: Polygon ZM | C44: 42 | D44: 176351284 | E44: 0.726646 | F44: 0.095916 | G44: 0.177438 | H44: 4378600 | I44: 0 | J44: -2.28 | K44: 0.05 | L44: 10 | M44: 0 | N44: 37 | O44: 266 | P44: 1 | Q44: 0.023 | R44: 0.001 | S44: 1 | T44: 0 | U44: 0.008 | V44: 0.05 | W44: 0.05 | X44: 0.136707 | Y44: 0.319 | Z44: 0.2 | AA44: 1 | AB44: -0.501448 | AC44: 0.501448 | AD44: 2D compartment | AE44: PB | AF44: 1 | AH44: 0.835 | AI44: -9999 | AK44: 0.25 | AO44: CRMS0002-H01 | AP44: 176351000
A45: 42 | B45: Polygon ZM | C45: 43 | D45: 68295693 | E45: 0.686912 | F45: 0.01829 | G45: 0.294799 | H45: 5130300 | I45: 0 | J45: -2.744161 | K45: 0.05 | L45: 10 | M45: 0 | N45: 35 | O45: 280 | P45: 1 | Q45: 0.023 | R45: 0.001 | S45: 1 | T45: 0 | U45: 0.008 | V45: 0.05 | W45: 0.05 | X45: 0.229602 | Y45: 0.276176 | Z45: 0.2 | AA45: 1 | AB45: -0.202348 | AC45: 0.202348 | AD45: 2D compartment | AE45: PB | AF45: 1 | AH45: 0.835 | AI45: -9999 | AK45: 0.25 | AO45: CRMS3784-H01 | AP45: 68295700
A46: 43 | B46: Polygon ZM | C46: 44 | D46: 27780799 | E46: 0.152465 | F46: 0.067716 | G46: 0.779819 | H46: 2720200 | I46: 0 | J46: -0.264659 | K46: 0.05 | L46: 10 | M46: 0 | N46: 30 | O46: 280 | P46: 1 | Q46: 0.023 | R46: 0.001 | S46: 1 | T46: 0 | U46: 0.008 | V46: 0.05 | W46: 0.05 | X46: 0.130871 | Y46: 0.296001 | Z46: 0.2 | AA46: 1 | AB46: -0.180216 | AC46: 0.180216 | AD46: 2D compartment | AE46: PB | AF46: 1 | AH46: 0.835 | AI46: -9999 | AK46: 0.25 | AO46: CRMS4110-H01 | AP46: 27780800
A47: 44 | B47: Polygon ZM | C47: 45 | D47: 39779792 | E47: 0.266902 | F47: 0.309532 | G47: 0.423567 | H47: 2311300 | I47: 0 | J47: -0.342246 | K47: 0.05 | L47: 10 | M47: 0 | N47: 30 | O47: 280 | P47: 1 | Q47: 0.023 | R47: 0.001 | S47: 1 | T47: 0 | U47: 0.008 | V47: 0.05 | W47: 0.05 | X47: 0.101294 | Y47: 0.281951 | Z47: 0.2 | AA47: 1 | AB47: -0.236548 | AC47: 0.236548 | AD47: 2D compartment | AE47: PB | AF47: 1 | AH47: 0.835 | AI47: -9999 | AK47: 0.25 | AO47: CRMS4406-H01 | AP47: 39779800
A48: 45 | B48: Polygon ZM | C48: 46 | D48: 30870658 | E48: 0.026093 | F48: 0.708725 | G48: 0.265182 | H48: 235600 | I48: 0 | J48: -0.00385 | K48: 0.05 | L48: 10 | M48: 0 | N48: 25 | O48: 280 | P48: 1 | Q48: 0.023 | R48: 0.001 | S48: 1 | T48: 0 | U48: 0.008 | V48: 0.05 | W48: 0.05 | X48: 0.0377 | Y48: 1.132791 | Z48: 0.2 | AA48: 1 | AB48: -0.475066 | AC48: 0.475066 | AD48: 2D compartment | AE48: PB | AF48: 1 | AH48: 0.835 | AI48: -9999 | AK48: 0.25 | AP48: 30870700
A49: 46 | B49: Polygon ZM | C49: 47 | D49: 24386081 | E49: 0.011728 | F49: 0.493585 | G49: 0.494687 | H49: 343700 | I49: 0 | J49: -0.00385 | K49: 0.05 | L49: 10 | M49: 0 | N49: 23 | O49: 281 | P49: 1 | Q49: 0.023 | R49: 0.001 | S49: 1 | T49: 0 | U49: 0.008 | V49: 0.05 | W49: 0.05 | X49: 0 | Y49: 3.041447 | Z49: 0.2 | AA49: 1 | AB49: -0.634726 | AC49: 0.634726 | AD49: 2D compartment | AE49: PB | AF49: 1 | AH49: 0.835 | AI49: -9999 | AK49: 0.25 | AP49: 24386100
A50: 47 | B50: Polygon ZM | C50: 48 | D50: 89852999 | E50: 0.049534 | F50: 0.067947 | G50: 0.882519 | H50: 1606500 | I50: 0 | J50: -1 | K50: 0.05 | L50: 10 | M50: 0 | N50: 23 | O50: 281 | P50: 1 | Q50: 0.023 | R50: 0.001 | S50: 1 | T50: 0 | U50: 0.008 | V50: 0.05 | W50: 0.05 | X50: 0.005254 | Y50: 2.061367 | Z50: 0.2 | AA50: 1 | AB50: -1.299887 | AC50: 1.299887 | AD50: 2D compartment | AE50: PB | AF50: 1 | AH50: 0.835 | AI50: -9999 | AK50: 0.25 | AO50: CRMS0086-H01 | AP50: 89853000
A51: 48 | B51: Polygon ZM | C51: 49 | D51: 36898398 | E51: 0.032234 | F51: 0.01431 | G51: 0.953456 | H51: 1195600 | I51: 0 | J51: -0.475649 | K51: 0.05 | L51: 10 | M51: 0 | N51: 25 | O51: 280 | P51: 1 | Q51: 0.023 | R51: 0.001 | S51: 1 | T51: 0 | U51: 0.008 | V51: 0.05 | W51: 0.05 | X51: 0.035936 | Y51: 0.474776 | Z51: 0.2 | AA51: 1 | AB51: -0.342762 | AC51: 0.342762 | AD51: 2D compartment | AE51: PB | AF51: 1 | AH51: 0.835 | AI51: -9999 | AK51: 0.25 | AO51: CRMS0035-H01 | AP51: 36898400
A52: 49 | B52: Polygon ZM | C52: 50 | D52: 51821048 | E52: 0.258036 | F52: 0.00572 | G52: 0.736244 | H52: 3744300 | I52: 0 | J52: -1.231398 | K52: 0.05 | L52: 10 | M52: 0 | N52: 26 | O52: 280 | P52: 1 | Q52: 0.023 | R52: 0.001 | S52: 1 | T52: 0 | U52: 0.008 | V52: 0.05 | W52: 0.05 | X52: 0.140226 | Y52: 0.327959 | Z52: 0.2 | AA52: 1 | AB52: -0.229141 | AC52: 0.229141 | AD52: 2D compartment | AE52: PB | AF52: 1 | AH52: 0.835 | AI52: -9999 | AK52: 0.25 | AP52: 51821000
A53: 50 | B53: Polygon ZM | C53: 51 | D53: 53059707 | E53: 0.027635 | F53: 0.454865 | G53: 0.5175 | H53: 630200 | I53: 0 | J53: -0.00385 | K53: 0.05 | L53: 10 | M53: 0 | N53: 23 | O53: 281 | P53: 1 | Q53: 0.023 | R53: 0.001 | S53: 1 | T53: 0 | U53: 0.008 | V53: 0.05 | W53: 0.05 | X53: 0.004615 | Y53: 2.273891 | Z53: 0.2 | AA53: 1 | AB53: -1.86125 | AC53: 1.86125 | AD53: 2D compartment | AE53: PB | AF53: 1 | AH53: 0.835 | AI53: -9999 | AK53: 0.25 | AP53: 53059700
A54: 51 | B54: Polygon ZM | C54: 52 | D54: 54900145 | E54: 0.006195 | F54: 0.726667 | G54: 0.267139 | H54: 212300 | I54: 0 | J54: -0.00385 | K54: 0.05 | L54: 10 | M54: 0 | N54: 25 | O54: 295 | P54: 1 | Q54: 0.023 | R54: 0.001 | S54: 1 | T54: 0 | U54: 0.008 | V54: 0.05 | W54: 0.05 | X54: 0.00407 | Y54: 2.351026 | Z54: 0.2 | AA54: 1 | AB54: -1.878922 | AC54: 1.878922 | AD54: 2D compartment | AE54: PB | AF54: 1 | AH54: 0.835 | AI54: -9999 | AK54: 0.25 | AP54: 54900100
A55: 52 | B55: Polygon ZM | C55: 53 | D55: 122845376 | E55: 0.029385 | F55: 0.527548 | G55: 0.443067 | H55: 3238400 | I55: 0 | J55: -0.330409 | K55: 0.05 | L55: 10 | M55: 0 | N55: 21 | O55: 294 | P55: 1 | Q55: 0.023 | R55: 0.001 | S55: 1 | T55: 0 | U55: 0.008 | V55: 0.05 | W55: 0.05 | X55: 0.005201 | Y55: 1.64828 | Z55: 0.2 | AA55: 1 | AB55: -1.719862 | AC55: 1.719862 | AD55: 2D compartment | AE55: PB | AF55: 1 | AH55: 0.835 | AI55: -9999 | AK55: 0.25 | AP55: 122845000
A56: 53 | B56: Polygon ZM | C56: 54 | D56: 39290846 | E56: 0.093225 | F56: 0.077461 | G56: 0.829314 | H56: 4796300 | I56: 0 | J56: -0.040806 | K56: 0.05 | L56: 10 | M56: 0 | N56: 21 | O56: 294 | P56: 1 | Q56: 0.023 | R56: 0.001 | S56: 1 | T56: 0 | U56: 0.008 | V56: 0.05 | W56: 0.05 | X56: 0.000238 | Y56: 0.34393 | Z56: 0.2 | AA56: 1 | AB56: -0.276163 | AC56: 0.276163 | AD56: 2D compartment | AE56: PB | AF56: 1 | AH56: 0.835 | AI56: -9999 | AK56: 0.25 | AP56: 39290800
A57: 54 | B57: Polygon ZM | C57: 55 | D57: 82921002 | E57: 0.42239 | F57: 0.013447 | G57: 0.564163 | H57: 10111700 | I57: 0 | J57: -3.29046 | K57: 0.05 | L57: 10 | M57: 0 | N57: 46 | O57: 265 | P57: 1 | Q57: 0.023 | R57: 0.001 | S57: 1 | T57: 0 | U57: 0.008 | V57: 0.05 | W57: 0.05 | X57: 0.303603 | Y57: 0.393099 | Z57: 0.2 | AA57: 1 | AB57: -0.359834 | AC57: 0.359834 | AD57: 2D compartment | AE57: PB | AF57: 1 | AH57: 0.835 | AI57: -9999 | AK57: 0.25 | AP57: 82921000
A58: 55 | B58: Polygon ZM | C58: 56 | D58: 360683178 | E58: 0.990319 | F58: 1.3e-05 | G58: 0.009668 | H58: 870600 | I58: 0 | J58: -2.675714 | K58: 0.05 | L58: 10 | M58: 0 | N58: 46 | O58: 279 | P58: 1 | Q58: 0.023 | R58: 0.001 | S58: 1 | T58: 0 | U58: 0.008 | V58: 0.05 | W58: 0.05 | X58: 0.043202 | Y58: 0.364025 | Z58: 0.2 | AA58: 1 | AB58: -0.299507 | AC58: 0.299507 | AD58: 2D compartment | AE58: PB | AF58: 1 | AH58: 0.835 | AI58: -9999 | AK58: 0.25 | AP58: 360683000
A59: 56 | B59: Polygon ZM | C59: 57 | D59: 376042262 | E59: 0.890109 | F59: 0.001228 | G59: 0.108663 | H59: 9461100 | I59: 0 | J59: -3.084376 | K59: 0.05 | L59: 10 | M59: 0 | N59: 31 | O59: 279 | P59: 1 | Q59: 0.023 | R59: 0.001 | S59: 1 | T59: 0 | U59: 0.008 | V59: 0.05 | W59: 0.05 | X59: 0.074749 | Y59: 0.341156 | Z59: 0.2 | AA59: 1 | AB59: -0.202358 | AC59: 0.202358 | AD59: 2D compartment | AE59: PB | AF59: 1 | AH59: 0.835 | AI59: -9999 | AK59: 0.25 | AP59: 376042000
A60: 57 | B60: Polygon ZM | C60: 58 | D60: 22095846 | E60: 0.559847 | F60: 0.001267 | G60: 0.438885 | H60: 3063400 | I60: 0 | J60: -2.377733 | K60: 0.05 | L60: 10 | M60: 0 | N60: 53 | O60: 278 | P60: 1 | Q60: 0.023 | R60: 0.001 | S60: 1 | T60: 0 | U60: 0.008 | V60: 0.05 | W60: 0.05 | X60: 0.271561 | Y60: 0.266373 | Z60: 0.2 | AA60: 1 | AB60: -0.182153 | AC60: 0.182153 | AD60: 2D compartment | AE60: PB | AF60: 1 | AH60: 0.835 | AI60: -9999 | AK60: 0.25 | AO60: CRMS4551-H01 | AP60: 22095800
A61: 58 | B61: Polygon ZM | C61: 59 | D61: 36982585 | E61: 0.322444 | F61: 1.1e-05 | G61: 0.677546 | H61: 6234500 | I61: 0 | J61: -0.252433 | K61: 0.05 | L61: 10 | M61: 0 | N61: 32 | O61: 293 | P61: 1 | Q61: 0.023 | R61: 0.001 | S61: 1 | T61: 0 | U61: 0.008 | V61: 0.05 | W61: 0.05 | X61: 0.286761 | Y61: 0.392244 | Z61: 0.2 | AA61: 1 | AB61: -0.173851 | AC61: 0.173851 | AD61: 2D compartment | AE61: PB | AF61: 1 | AH61: 0.835 | AI61: -9999 | AK61: 0.25 | AP61: 36982600
A62: 59 | B62: Polygon ZM | C62: 60 | D62: 32490186 | E62: 0.43936 | F62: 9e-06 | G62: 0.56063 | H62: 3660500 | I62: 0 | J62: -0.562225 | K62: 0.05 | L62: 10 | M62: 0 | N62: 32 | O62: 293 | P62: 1 | Q62: 0.023 | R62: 0.001 | S62: 1 | T62: 0 | U62: 0.008 | V62: 0.05 | W62: 0.05 | X62: 0.349781 | Y62: 0.354293 | Z62: 0.2 | AA62: 1 | AB62: -0.164648 | AC62: 0.164648 | AD62: 2D compartment | AE62: PB | AF62: 1 | AH62: 0.835 | AI62: -9999 | AK62: 0.25 | AP62: 32490200
A63: 60 | B63: Polygon ZM | C63: 61 | D63: 13253709 | E63: 0.261519 | F63: 0 | G63: 0.738481 | H63: 2110900 | I63: 0 | J63: -0.391791 | K63: 0.05 | L63: 10 | M63: 0 | N63: 32 | O63: 293 | P63: 1 | Q63: 0.023 | R63: 0.001 | S63: 1 | T63: 0 | U63: 0.008 | V63: 0.05 | W63: 0.05 | X63: 0.304276 | Y63: 0.226755 | Z63: 0.2 | AA63: 1 | AB63: -0.113472 | AC63: 0.113472 | AD63: 2D compartment | AE63: PB | AF63: 1 | AH63: 0.835 | AI63: -9999 | AK63: 0.25 | AO63: CRMS4572-H01 | AP63: 13253700
A64: 61 | B64: Polygon ZM | C64: 62 | D64: 15059235 | E64: 0.426841 | F64: 0 | G64: 0.573159 | H64: 1663700 | I64: 0 | J64: -0.674836 | K64: 0.05 | L64: 10 | M64: 0 | N64: 32 | O64: 293 | P64: 1 | Q64: 0.023 | R64: 0.001 | S64: 1 | T64: 0 | U64: 0.008 | V64: 0.05 | W64: 0.05 | X64: 0.511989 | Y64: 0.261992 | Z64: 0.2 | AA64: 1 | AB64: -0.126957 | AC64: 0.126957 | AD64: 2D compartment | AE64: PB | AF64: 1 | AH64: 0.835 | AI64: -9999 | AK64: 0.25 | AO64: CRMS4596-H01 | AP64: 15059200
A65: 62 | B65: Polygon ZM | C65: 63 | D65: 41778898 | E65: 0.663584 | F65: 0 | G65: 0.336416 | H65: 2886200 | I65: 0 | J65: -0.81021 | K65: 0.05 | L65: 10 | M65: 0 | N65: 32 | O65: 293 | P65: 1 | Q65: 0.023 | R65: 0.001 | S65: 1 | T65: 0 | U65: 0.008 | V65: 0.05 | W65: 0.05 | X65: 0.535264 | Y65: 0.241447 | Z65: 0.2 | AA65: 1 | AB65: -0.104449 | AC65: 0.104449 | AD65: 2D compartment | AE65: PB | AF65: 1 | AH65: 0.835 | AI65: -9999 | AK65: 0.25 | AO65: CRMS0108-H01 | AP65: 41778900
A66: 63 | B66: Polygon ZM | C66: 64 | D66: 45587046 | E66: 0.521238 | F66: 9e-05 | G66: 0.478672 | H66: 4728300 | I66: 0 | J66: -0.634604 | K66: 0.05 | L66: 10 | M66: 0 | N66: 28 | O66: 305 | P66: 1 | Q66: 0.023 | R66: 0.001 | S66: 1 | T66: 0 | U66: 0.008 | V66: 0.05 | W66: 0.05 | X66: 0.564307 | Y66: 0.249068 | Z66: 0.2 | AA66: 1 | AB66: -0.133141 | AC66: 0.133141 | AD66: 2D compartment | AE66: PB | AF66: 1 | AH66: 0.835 | AI66: -9999 | AK66: 0.25 | AO66: CRMS1024-H01 | AP66: 45587000
A67: 64 | B67: Polygon ZM | C67: 65 | D67: 91821225 | E67: 0.456375 | F67: 5.3e-05 | G67: 0.543572 | H67: 6804700 | I67: 0 | J67: -1.981009 | K67: 0.05 | L67: 10 | M67: 0 | N67: 39 | O67: 292 | P67: 1 | Q67: 0.023 | R67: 0.001 | S67: 1 | T67: 0 | U67: 0.008 | V67: 0.05 | W67: 0.05 | X67: 0.418863 | Y67: 0.332955 | Z67: 0.2 | AA67: 1 | AB67: -0.193044 | AC67: 0.193044 | AD67: 2D compartment | AE67: PB | AF67: 1 | AH67: 0.835 | AI67: -9999 | AK67: 0.25 | AP67: 91821200
A68: 65 | B68: Polygon ZM | C68: 66 | D68: 95061522 | E68: 0.883342 | F68: 0 | G68: 0.116658 | H68: 2847100 | I68: 0 | J68: -1.162503 | K68: 0.05 | L68: 10 | M68: 0 | N68: 28 | O68: 305 | P68: 1 | Q68: 0.023 | R68: 0.001 | S68: 1 | T68: 0 | U68: 0.008 | V68: 0.05 | W68: 0.05 | X68: 0.330629 | Y68: 0.454002 | Z68: 0.2 | AA68: 1 | AB68: -0.161355 | AC68: 0.161355 | AD68: 2D compartment | AE68: PB | AF68: 1 | AH68: 0.835 | AI68: -9999 | AK68: 0.25 | AP68: 95061500
A69: 66 | B69: Polygon ZM | C69: 67 | D69: 316322042 | E69: 0.884426 | F69: 0 | G69: 0.115574 | H69: 9595100 | I69: 0 | J69: -1.272128 | K69: 0.05 | L69: 10 | M69: 0 | N69: 22 | O69: 306 | P69: 1 | Q69: 0.023 | R69: 0.001 | S69: 1 | T69: 0 | U69: 0.008 | V69: 0.05 | W69: 0.05 | X69: 0.260342 | Y69: 0.401072 | Z69: 0.2 | AA69: 1 | AB69: -0.16707 | AC69: 0.16707 | AD69: 2D compartment | AE69: PB | AF69: 1 | AH69: 0.835 | AI69: -9999 | AK69: 0.25 | AO69: CRMS0003-H01 | AP69: 316322000
A70: 67 | B70: Polygon ZM | C70: 68 | D70: 836722761 | E70: 0.983578 | F70: 0.002423 | G70: 0.014 | H70: 2594800 | I70: 0 | J70: -3.261984 | K70: 0 | L70: 10 | M70: 0 | N70: 17 | O70: 307 | P70: 1 | Q70: 0.023 | R70: 0.001 | S70: 1 | T70: 0 | U70: 0 | V70: 0.05 | W70: 0.05 | X70: 0.00339 | Y70: 0.729449 | Z70: 0.2 | AA70: 0 | AB70: -0.720637 | AC70: 0.720637 | AD70: 2D compartment | AE70: PB | AF70: 0 | AH70: 0.835 | AI70: -9999 | AK70: 0.25 | AP70: 836723000
A71: 68 | B71: Polygon ZM | C71: 69 | D71: 139253370 | E71: 0.33546 | F71: 0.360702 | G71: 0.303839 | H71: 4202100 | I71: 0 | J71: -1.475251 | K71: 0.05 | L71: 10 | M71: 0 | N71: 11 | O71: 308 | P71: 1 | Q71: 0.023 | R71: 0.001 | S71: 1 | T71: 0 | U71: 0.008 | V71: 0.05 | W71: 0.05 | X71: 0 | Y71: 1.36676 | Z71: 0.2 | AA71: 1 | AB71: -1.828793 | AC71: 1.828793 | AD71: 2D tributary boundary (Qmult > 0) | AE71: PB | AF71: 0 | AH71: 0.835 | AI71: -9999 | AK71: 0.25 | AL71: Wolf & Jourdan River | AM71: 21 + 28 | AN71: 1.3 + 1.3 | AP71: 139253000
A72: 69 | B72: Polygon ZM | C72: 70 | D72: 166432286 | E72: 0.99401 | F72: 1e-06 | G72: 0.005989 | H72: 383000 | I72: 0 | J72: -1.994126 | K72: 0.05 | L72: 10 | M72: 0 | N72: 16 | O72: 317 | P72: 1 | Q72: 0.023 | R72: 0.001 | S72: 1 | T72: 0 | U72: 0.008 | V72: 0.05 | W72: 0.05 | X72: 0.024571 | Y72: 0.433654 | Z72: 0.2 | AA72: 1 | AB72: -0.201687 | AC72: 0.201687 | AD72: 2D compartment | AE72: PB | AF72: 1 | AH72: 0.835 | AI72: -9999 | AK72: 0.25 | AP72: 166432000
A73: 70 | B73: Polygon ZM | C73: 71 | D73: 197327267 | E73: 1 | F73: 0 | G73: 0 | H73: 0 | I73: 0 | J73: -4.27006 | K73: 0 | L73: 10 | M73: 0 | N73: 16 | O73: 318 | P73: 1 | Q73: 0.023 | R73: 0.001 | S73: 1 | T73: 0 | U73: 0 | V73: 0.05 | W73: 0.05 | X73: 0 | Y73: 0.466309 | Z73: 0.2 | AA73: 0 | AB73: -0.514169 | AC73: 0.514169 | AD73: 2D compartment | AE73: PB | AF73: 0 | AH73: 0.835 | AI73: -9999 | AK73: 0.25 | AP73: 197327000
A74: 71 | B74: Polygon ZM | C74: 72 | D74: 249075480 | E74: 0.999894 | F74: 0 | G74: 0.000106 | H74: 19800 | I74: 0 | J74: -8.162471 | K74: 0 | L74: 10 | M74: 0 | N74: 9 | O74: 328 | P74: 1 | Q74: 0.023 | R74: 0.001 | S74: 1 | T74: 0 | U74: 0 | V74: 0.05 | W74: 0.05 | X74: 0 | Y74: -0.606418 | Z74: 0.2 | AA74: 0 | AB74: -0.487119 | AC74: 0.487119 | AD74: 2D compartment | AE74: PB | AF74: 0 | AH74: 0.835 | AI74: -9999 | AK74: 0.25 | AP74: 249075000
A75: 72 | B75: Polygon ZM | C75: 73 | D75: 170953779 | E75: 0.999147 | F75: 0 | G75: 0.000853 | H75: 57100 | I75: 0 | J75: -1.89051 | K75: 0.05 | L75: 10 | M75: 0 | N75: 16 | O75: 317 | P75: 1 | Q75: 0.023 | R75: 0.001 | S75: 1 | T75: 0 | U75: 0.008 | V75: 0.05 | W75: 0.05 | X75: 0.009779 | Y75: 0.482534 | Z75: 0.2 | AA75: 1 | AB75: -0.154046 | AC75: 0.154046 | AD75: 2D compartment | AE75: PB | AF75: 1 | AH75: 0.835 | AI75: -9999 | AK75: 0.25 | AP75: 170954000
A76: 73 | B76: Polygon ZM | C76: 74 | D76: 280129298 | E76: 0.999998 | F76: 0 | G76: 2e-06 | H76: 0 | I76: 0 | J76: -3.864841 | K76: 0 | L76: 10 | M76: 0 | N76: 16 | O76: 317 | P76: 1 | Q76: 0.023 | R76: 0.001 | S76: 1 | T76: 0 | U76: 0 | V76: 0.05 | W76: 0.05 | X76: 0 | Y76: 0.466309 | Z76: 0.2 | AA76: 0 | AB76: -0.514169 | AC76: 0.514169 | AD76: 2D compartment | AE76: PB | AF76: 0 | AH76: 0.835 | AI76: -9999 | AK76: 0.25 | AP76: 280129000
A77: 74 | B77: Polygon ZM | C77: 75 | D77: 445222841 | E77: 0.969818 | F77: 0 | G77: 0.030182 | H77: 4271600 | I77: 0 | J77: -3.973383 | K77: 0 | L77: 10 | M77: 0 | N77: 12 | O77: 326 | P77: 1 | Q77: 0.023 | R77: 0.001 | S77: 1 | T77: 0 | U77: 0 | V77: 0.05 | W77: 0.05 | X77: 0.017559 | Y77: -0.183129 | Z77: 0.2 | AA77: 0 | AB77: -0.867807 | AC77: 0.867807 | AD77: 2D compartment | AE77: PB | AF77: 0 | AH77: 0.835 | AI77: -9999 | AK77: 0.25 | AP77: 445223000
A78: 75 | B78: Polygon ZM | C78: 76 | D78: 175930466 | E78: 0.977939 | F78: 0 | G78: 0.022061 | H78: 1224100 | I78: 0 | J78: -2.012566 | K78: 0 | L78: 10 | M78: 0 | N78: 24 | O78: 305 | P78: 1 | Q78: 0.023 | R78: 0.001 | S78: 1 | T78: 0 | U78: 0 | V78: 0.05 | W78: 0.05 | X78: 0.006181 | Y78: 0.510295 | Z78: 0.2 | AA78: 0 | AB78: -0.157569 | AC78: 0.157569 | AD78: 2D compartment | AE78: PB | AF78: 0 | AH78: 0.835 | AI78: -9999 | AK78: 0.25 | AP78: 175930000
A79: 76 | B79: Polygon ZM | C79: 77 | D79: 245208234 | E79: 1 | F79: 0 | G79: 0 | H79: 0 | I79: 0 | J79: -3.458558 | K79: 0 | L79: 10 | M79: 0 | N79: 24 | O79: 316 | P79: 1 | Q79: 0.023 | R79: 0.001 | S79: 1 | T79: 0 | U79: 0 | V79: 0.05 | W79: 0.05 | X79: 0 | Y79: 0.466309 | Z79: 0.2 | AA79: 0 | AB79: -0.514169 | AC79: 0.514169 | AD79: 2D compartment | AE79: PB | AF79: 0 | AH79: 0.835 | AI79: -9999 | AK79: 0.25 | AP79: 245208000
A80: 77 | B80: Polygon ZM | C80: 78 | D80: 262126587 | E80: 0.999434 | F80: 0 | G80: 0.000566 | H80: 111400 | I80: 0 | J80: -3.779768 | K80: 0 | L80: 10 | M80: 0 | N80: 19 | O80: 325 | P80: 1 | Q80: 0.023 | R80: 0.001 | S80: 1 | T80: 0 | U80: 0 | V80: 0.05 | W80: 0.05 | X80: 0.000988 | Y80: 0.095207 | Z80: 0.2 | AA80: 0 | AB80: -0.809864 | AC80: 0.809864 | AD80: 2D compartment | AE80: PB | AF80: 0 | AH80: 0.835 | AI80: -9999 | AK80: 0.25 | AP80: 262127000
A81: 78 | B81: Polygon ZM | C81: 79 | D81: 111250392 | E81: 0.9551 | F81: 1.4e-05 | G81: 0.044886 | H81: 854400 | I81: 0 | J81: -2.316453 | K81: 0.05 | L81: 10 | M81: 0 | N81: 39 | O81: 304 | P81: 1 | Q81: 0.023 | R81: 0.001 | S81: 1 | T81: 0 | U81: 0.008 | V81: 0.05 | W81: 0.05 | X81: 0.015613 | Y81: 0.31987 | Z81: 0.2 | AA81: 1 | AB81: -0.178994 | AC81: 0.178994 | AD81: 2D compartment | AE81: PB | AF81: 1 | AH81: 0.835 | AI81: -9999 | AK81: 0.25 | AP81: 111250000
A82: 79 | B82: Polygon ZM | C82: 80 | D82: 20424940 | E82: 0.417323 | F82: 0.159403 | G82: 0.423274 | H82: 1083300 | I82: 0 | J82: -0.68437 | K82: 0.05 | L82: 10 | M82: 0 | N82: 66 | O82: 251 | P82: 1 | Q82: 0.023 | R82: 0.001 | S82: 1 | T82: 0 | U82: 0.008 | V82: 0.05 | W82: 0.05 | X82: 0.354727 | Y82: 0.357345 | Z82: 0.2 | AA82: 1 | AB82: -0.627212 | AC82: 0.627212 | AD82: 2D compartment | AE82: PB | AF82: 1 | AG82: Central Wetlands | AH82: 0.835 | AI82: -9999 | AK82: 0.25 | AP82: 20424900
A83: 80 | B83: Polygon ZM | C83: 81 | D83: 58117048 | E83: 0.206081 | F83: 0.037366 | G83: 0.756553 | H83: 4397900 | I83: 0 | J83: -0.5 | K83: 0.05 | L83: 10 | M83: 0 | N83: 66 | O83: 265 | P83: 1 | Q83: 0.023 | R83: 0.001 | S83: 1 | T83: 0 | U83: 0.008 | V83: 0.05 | W83: 0.05 | X83: 0.208431 | Y83: 0.333465 | Z83: 0.2 | AA83: 1 | AB83: -0.380256 | AC83: 0.380256 | AD83: 2D tributary boundary (Qmult > 0) | AE83: PB | AF83: 1 | AG83: Central Wetlands | AH83: 0.835 | AI83: -9999 | AK83: 0.25 | AL83: Central Wetland Diversion | AM83: 48 | AN83: 1 | AO83: CRMS3641-H01 | AP83: 58117000
A84: 81 | B84: Polygon ZM | C84: 82 | D84: 39658138 | E84: 0.021451 | F84: 0.145672 | G84: 0.832877 | H84: 1592000 | I84: 0 | J84: -0.5 | K84: 0.05 | L84: 10 | M84: 0 | N84: 66 | O84: 264 | P84: 1 | Q84: 0.023 | R84: 0.001 | S84: 1 | T84: 0 | U84: 0.008 | V84: 0.05 | W84: 0.05 | X84: 0.046978 | Y84: 0.403977 | Z84: 0.2 | AA84: 1 | AB84: -0.48183 | AC84: 0.48183 | AD84: 2D compartment | AE84: PB | AF84: 1 | AH84: 0.835 | AI84: -9999 | AK84: 0.25 | AO84: CRMS3639-H01 | AP84: 39658100
A85: 82 | B85: Polygon ZM | C85: 83 | D85: 20965317 | E85: 0.043176 | F85: 0.101501 | G85: 0.855323 | H85: 844800 | I85: 0 | J85: -0.114989 | K85: 0.05 | L85: 10 | M85: 0 | N85: 53 | O85: 278 | P85: 1 | Q85: 0.023 | R85: 0.001 | S85: 1 | T85: 0 | U85: 0.008 | V85: 0.05 | W85: 0.05 | X85: 0.075898 | Y85: 0.698403 | Z85: 0.2 | AA85: 1 | AB85: -0.511665 | AC85: 0.511665 | AD85: 2D compartment | AE85: PB | AF85: 1 | AH85: 0.835 | AI85: -9999 | AK85: 0.25 | AP85: 20965300
A86: 83 | B86: Polygon ZM | C86: 84 | D86: 2973654 | E86: 0.011266 | F86: 0.839338 | G86: 0.149397 | H86: 7200 | I86: 0 | J86: -0.148057 | K86: 0.05 | L86: 10 | M86: 0 | N86: 64 | O86: 278 | P86: 1 | Q86: 0.023 | R86: 0.001 | S86: 1 | T86: 0 | U86: 0.008 | V86: 0.05 | W86: 0.05 | X86: 0.010361 | Y86: 0.599629 | Z86: 0.2 | AA86: 1 | AB86: -0.38883 | AC86: 0.38883 | AD86: 2D compartment | AE86: PB | AF86: 1 | AH86: 0.835 | AI86: -9999 | AK86: 0.25 | AP86: 2973650
A87: 84 | B87: Polygon ZM | C87: 85 | D87: 21465312 | E87: 0.136387 | F87: 0.121606 | G87: 0.742007 | H87: 1579800 | I87: 0 | J87: -0.18295 | K87: 0.05 | L87: 10 | M87: 0 | N87: 53 | O87: 278 | P87: 1 | Q87: 0.023 | R87: 0.001 | S87: 1 | T87: 0 | U87: 0.008 | V87: 0.05 | W87: 0.05 | X87: 0.14518 | Y87: 0.476425 | Z87: 0.2 | AA87: 1 | AB87: -0.431061 | AC87: 0.431061 | AD87: 2D compartment | AE87: PB | AF87: 1 | AH87: 0.835 | AI87: -9999 | AK87: 0.25 | AO87: CRMS3800-H01 | AP87: 21465300
A88: 85 | B88: Polygon ZM | C88: 86 | D88: 43182915 | E88: 0.006857 | F88: 0.919614 | G88: 0.073529 | H88: 87000 | I88: 0 | J88: -2.077246 | K88: 0.05 | L88: 10 | M88: 0 | N88: 66 | O88: 251 | P88: 1 | Q88: 0.023 | R88: 0.001 | S88: 1 | T88: 0 | U88: 0.008 | V88: 0.05 | W88: 0.05 | X88: 0.013857 | Y88: -0.690348 | Z88: 0.2 | AA88: 1 | AB88: -1.312529 | AC88: 1.312529 | AD88: 2D compartment | AE88: PB | AF88: 1 | AH88: 0.835 | AI88: -9999 | AK88: 0.25 | AP88: 43182900
A89: 86 | B89: Polygon ZM | C89: 87 | D89: 37758117 | E89: 0.011465 | F89: 0.516821 | G89: 0.471714 | H89: 114600 | I89: 0 | J89: -2.308494 | K89: 0.05 | L89: 10 | M89: 0 | N89: 66 | O89: 264 | P89: 1 | Q89: 0.023 | R89: 0.001 | S89: 1 | T89: 0 | U89: 0.008 | V89: 0.05 | W89: 0.05 | X89: 0.000871 | Y89: 0.192851 | Z89: 0.2 | AA89: 1 | AB89: -0.57385 | AC89: 0.57385 | AD89: 2D compartment | AE89: PB | AF89: 1 | AH89: 0.835 | AI89: -9999 | AK89: 0.25 | AP89: 37758100
A90: 87 | B90: Polygon ZM | C90: 88 | D90: 1546780 | E90: 0.035687 | F90: 0.896443 | G90: 0.06787 | H90: 14500 | I90: 0 | J90: -1.694929 | K90: 0.05 | L90: 10 | M90: 0 | N90: 70 | O90: 264 | P90: 1 | Q90: 0.023 | R90: 0.001 | S90: 1 | T90: 0 | U90: 0.008 | V90: 0.05 | W90: 0.05 | X90: 0.00821 | Y90: -0.952808 | Z90: 0.2 | AA90: 1 | AB90: -1.572079 | AC90: 1.572079 | AD90: 2D compartment | AE90: PB | AF90: 1 | AH90: 0.835 | AI90: -9999 | AK90: 0.25 | AP90: 1546780
A91: 88 | B91: Polygon ZM | C91: 89 | D91: 12018671 | E91: 0.001722 | F91: 0.812369 | G91: 0.185908 | H91: 35700 | I91: 0 | J91: -0.21019 | K91: 0.05 | L91: 10 | M91: 0 | N91: 96 | O91: 264 | P91: 1 | Q91: 0.023 | R91: 0.001 | S91: 1 | T91: 0 | U91: 0.008 | V91: 0.05 | W91: 0.05 | X91: 0 | Y91: -0.39155 | Z91: 0.2 | AA91: 1 | AB91: -1.084033 | AC91: 1.084033 | AD91: 2D compartment | AE91: PB | AF91: 1 | AH91: 0.835 | AI91: -9999 | AK91: 0.25 | AP91: 12018700
A92: 89 | B92: Polygon ZM | C92: 90 | D92: 22023722 | E92: 0.008041 | F92: 0.478784 | G92: 0.513175 | H92: 117200 | I92: 0 | J92: -1.033336 | K92: 0.05 | L92: 10 | M92: 0 | N92: 128 | O92: 250 | P92: 1 | Q92: 0.023 | R92: 0.001 | S92: 1 | T92: 0 | U92: 0.008 | V92: 0.05 | W92: 0.05 | X92: 0.018956 | Y92: -0.525293 | Z92: 0.2 | AA92: 1 | AB92: -0.658961 | AC92: 0.658961 | AD92: 2D compartment | AE92: PB | AF92: 1 | AH92: 0.835 | AI92: -9999 | AK92: 0.25 | AP92: 22023700
A93: 90 | B93: Polygon ZM | C93: 91 | D93: 6523764 | E93: 0.002713 | F93: 0.804183 | G93: 0.193104 | H93: 11800 | I93: 0 | J93: -0.307077 | K93: 0.05 | L93: 10 | M93: 0 | N93: 172 | O93: 250 | P93: 1 | Q93: 0.023 | R93: 0.001 | S93: 1 | T93: 0 | U93: 0.008 | V93: 0.05 | W93: 0.05 | X93: 0.0394 | Y93: 0.182504 | Z93: 0.2 | AA93: 1 | AB93: -1.156498 | AC93: 1.156498 | AD93: 2D compartment | AE93: PB | AF93: 1 | AH93: 0.835 | AI93: -9999 | AK93: 0.25 | AP93: 6523760
A94: 91 | B94: Polygon ZM | C94: 93 | D94: 8600353 | E94: 0.147901 | F94: 0.021929 | G94: 0.83017 | H94: 298800 | I94: 0 | J94: -0.357676 | K94: 0.05 | L94: 10 | M94: 0 | N94: 152 | O94: 264 | P94: 1 | Q94: 0.023 | R94: 0.001 | S94: 1 | T94: 0 | U94: 0.008 | V94: 0.05 | W94: 0.05 | X94: 0.728684 | Y94: 0.383443 | Z94: 0.2 | AA94: 1 | AB94: -0.322501 | AC94: 0.322501 | AD94: FWOA diversion outfall - Mid-Breton | AE94: PB | AF94: 1 | AG94: Upper Breton | AH94: 0.835 | AI94: -9999 | AK94: 0.25 | AO94: CRMS0125-H01 | AP94: 6568100
A95: 92 | B95: Polygon ZM | C95: 94 | D95: 3942203 | E95: 0.229567 | F95: 0.011643 | G95: 0.75879 | H95: 345500 | I95: 0 | J95: -0.173045 | K95: 0.05 | L95: 10 | M95: 0 | N95: 134 | O95: 264 | P95: 1 | Q95: 0.023 | R95: 0.001 | S95: 1 | T95: 0 | U95: 0.008 | V95: 0.05 | W95: 0.05 | X95: 0.345692 | Y95: 0.281491 | Z95: 0.2 | AA95: 1 | AB95: -0.212598 | AC95: 0.212598 | AD95: 2D compartment | AE95: PB | AF95: 1 | AG95: Upper Breton | AH95: 0.835 | AI95: -9999 | AK95: 0.25 | AP95: 3942200
A96: 93 | B96: Polygon ZM | C96: 1757 | D96: 6483162 | E96: 0.207877 | F96: 0.054958 | G96: 0.737165 | H96: 656500 | I96: 0 | J96: -0.472316 | K96: 0.05 | L96: 10 | M96: 0 | N96: 95 | O96: 264 | P96: 1 | Q96: 0.023 | R96: 0.001 | S96: 1 | T96: 0 | U96: 0.008 | V96: 0.05 | W96: 0.05 | X96: 0.162992 | Y96: 0.238355 | Z96: 0.2 | AA96: 1 | AB96: -0.217864 | AC96: 0.217864 | AD96: 2D compartment - new compartment split | AE96: PB | AF96: 0 | AG96: Upper Breton | AH96: 0.835 | AI96: -9999 | AK96: 0.25 | AO96: CRMS0128-W01 | AP96: 6483160
A97: 94 | B97: Polygon ZM | C97: 96 | D97: 8471182 | E97: 0.293218 | F97: 0.016668 | G97: 0.690114 | H97: 850000 | I97: 0 | J97: -0.214477 | K97: 0.05 | L97: 10 | M97: 0 | N97: 134 | O97: 264 | P97: 1 | Q97: 0.023 | R97: 0.001 | S97: 1 | T97: 0 | U97: 0.008 | V97: 0.05 | W97: 0.05 | X97: 0.314268 | Y97: 0.271774 | Z97: 0.2 | AA97: 1 | AB97: -0.242546 | AC97: 0.242546 | AD97: 2D compartment | AE97: PB | AF97: 1 | AG97: Upper Breton | AH97: 0.835 | AI97: -9999 | AK97: 0.25 | AP97: 8471180
A98: 95 | B98: Polygon ZM | C98: 97 | D98: 9564558 | E98: 0.164806 | F98: 0.029818 | G98: 0.805375 | H98: 572000 | I98: 0 | J98: -0.5 | K98: 0.05 | L98: 10 | M98: 0 | N98: 89 | O98: 264 | P98: 1 | Q98: 0.023 | R98: 0.001 | S98: 1 | T98: 0 | U98: 0.008 | V98: 0.05 | W98: 0.05 | X98: 0.190322 | Y98: 0.264018 | Z98: 0.2 | AA98: 1 | AB98: -0.196221 | AC98: 0.196221 | AD98: 2D compartment | AE98: PB | AF98: 1 | AG98: Upper Breton | AH98: 0.835 | AI98: -9999 | AK98: 0.25 | AO98: CRMS0117-H01 | AP98: 9564560
A99: 96 | B99: Polygon ZM | C99: 99 | D99: 9901744 | E99: 0.183372 | F99: 0.043821 | G99: 0.772808 | H99: 994300 | I99: 0 | J99: -0.220808 | K99: 0.05 | L99: 10 | M99: 0 | N99: 72 | O99: 264 | P99: 1 | Q99: 0.023 | R99: 0.001 | S99: 1 | T99: 0 | U99: 0.008 | V99: 0.05 | W99: 0.05 | X99: 0.183082 | Y99: 0.28942 | Z99: 0.2 | AA99: 1 | AB99: -0.230047 | AC99: 0.230047 | AD99: 2D compartment | AE99: PB | AF99: 1 | AG99: Upper Breton | AH99: 0.835 | AI99: -9999 | AK99: 0.25 | AO99: CRMS4355-H01 | AP99: 9901740
A100: 97 | B100: Polygon ZM | C100: 100 | D100: 37164024 | E100: 0.617915 | F100: 0.035639 | G100: 0.346446 | H100: 2713000 | I100: 0 | J100: -0.235873 | K100: 0.05 | L100: 10 | M100: 0 | N100: 64 | O100: 264 | P100: 1 | Q100: 0.023 | R100: 0.001 | S100: 1 | T100: 0 | U100: 0.008 | V100: 0.05 | W100: 0.05 | X100: 0.156217 | Y100: 0.332974 | Z100: 0.2 | AA100: 1 | AB100: -0.270468 | AC100: 0.270468 | AD100: 2D compartment | AE100: PB | AF100: 1 | AG100: Upper Breton | AH100: 0.835 | AI100: -9999 | AK100: 0.25 | AP100: 37164000
...

Sheet new
A1: attribute table from: Cells_processed_MP29_FY26Task5_rev01232026
A2: FID | B2: Shape | C2: ICM_ID | D2: TotalArea | E2: PercWater | F2: PercUpland | G2: PercMarsh | H2: MarshEdgeA | I2: RunoffMod | J2: bed_elev | K2: ero_bed_dp | L2: Bulk_dens | M2: percETcalc | N2: sand_adapt | O2: RunoffCoef | P2: RainGage29 | Q2: WindGage29 | R2: ETGage | S2: CurCoeff | T2: bedFricCoe | U2: NonSandExp | V2: NonSandCoe | W2: SandCoeff | X2: KadlacKa | Y2: KadlacKdep | Z2: MEErosion | AA2: offshorTSS | AB2: marsh_elev | AC2: marsh_ELsd | AD2: soil_moi_d | AE2: SedDepo_f | AF2: Eh_adj | AG2: ICM_region | AH2: Notes | AI2: LW_update | AJ2: Projectnam | AK2: TideGage | AL2: Tributary | AM2: Trib_Num | AN2: Qmult | AO2: AtcDeltaic | AP2: er_n | AQ2: er_short | AR2: er_name | AS2: HUC_12 | AT2: HU_12_NAME | AU2: RG_HUC12 | AV2: ET_HUC12 | AW2: deltaic | AX2: icmid | AY2: Eh_PCT10 | AZ2: Eh_PCT15 | BA2: Eh_PCT20 | BB2: Eh_PCT25 | BC2: Eh_PCT30 | BD2: Eh_PCT40 | BE2: Eh_PCT60 | BF2: area_m2
A3: 0 | B3: Polygon ZM | C3: 1 | D3: 103698642 | E3: 0.013791 | F3: 0.780092 | G3: 0.206117 | H3: 620100 | I3: 0 | J3: -0.6 | K3: 0.05 | L3: 0.835 | M3: 10 | N3: 0.25 | O3: 0 | P3: 1 | Q3: 1 | R3: 1 | S3: 0.023 | T3: 0.001 | U3: 1 | V3: 0 | W3: 0.008 | X3: 0.05 | Y3: 0.05 | Z3: 0 | AA3: -9999 | AB3: 2.240873 | AC3: 5.410236 | AD3: 0.2 | AE3: 1 | AF3: -1.688631 | AG3: PB-UL | AH3: 2D compartment | AI3: 1 | AO3: 0 | AP3: 1 | AQ3: MRP | AR3: Maurepas | AS3: 80702040201 | AT3: St James Parish Canal | AU3: 1862 | AV3: 2 | AW3: 1 | AX3: 1 | AY3: 0.48443 | AZ3: 0.552242 | BA3: 0.625477 | BB3: 0.703924 | BC3: 0.793758 | BD3: 1.008215 | BE3: 1.461356 | BF3: 103699000
A4: 1 | B4: Polygon ZM | C4: 2 | D4: 73299177 | E4: 0.001199 | F4: 0.035746 | G4: 0.963054 | H4: 25500 | I4: 0 | J4: -0.608021 | K4: 0.05 | L4: 0.835 | M4: 10 | N4: 0.25 | O4: 0 | P4: 2 | Q4: 2 | R4: 1 | S4: 0.023 | T4: 0.001 | U4: 1 | V4: 0 | W4: 0.008 | X4: 0.05 | Y4: 0.05 | Z4: 0 | AA4: -9999 | AB4: 0.636426 | AC4: 1.548429 | AD4: 0.2 | AE4: 1 | AF4: -0.256605 | AG4: PB | AH4: 2D compartment | AI4: 1 | AO4: 0 | AP4: 1 | AQ4: MRP | AR4: Maurepas | AS4: 80702040204 | AT4: Old New River-Blind River | AU4: 1863 | AV4: 2 | AW4: 1 | AX4: 2 | AY4: 0.370891 | AZ4: 0.382752 | BA4: 0.39224 | BB4: 0.401498 | BC4: 0.410915 | BD4: 0.432498 | BE4: 0.504575 | BF4: 73299200
A5: 2 | B5: Polygon ZM | C5: 3 | D5: 19385799 | E5: 5e-06 | F5: 0.036382 | G5: 0.963613 | H5: 1900 | I5: 0 | J5: -0.6 | K5: 0.05 | L5: 0.835 | M5: 10 | N5: 0.25 | O5: 0 | P5: 3 | Q5: 3 | R5: 1 | S5: 0.023 | T5: 0.001 | U5: 1 | V5: 0 | W5: 0.008 | X5: 0.05 | Y5: 0.05 | Z5: 0 | AA5: -9999 | AB5: 0.634869 | AC5: 0.148263 | AD5: 0.2 | AE5: 1 | AF5: -0.09858 | AG5: PB | AH5: 2D compartment | AI5: 1 | AJ5: West Maurepas Swamp | AO5: 0 | AP5: 1 | AQ5: MRP | AR5: Maurepas | AS5: 80702040204 | AT5: Old New River-Blind River | AU5: 1864 | AV5: 2 | AW5: 1 | AX5: 3 | AY5: 0.531159 | AZ5: 0.540428 | BA5: 0.548472 | BB5: 0.557615 | BC5: 0.568276 | BD5: 0.587144 | BE5: 0.622705 | BF5: 19385800
A6: 3 | B6: Polygon ZM | C6: 4 | D6: 20564566 | E6: 4.4e-05 | F6: 0.026894 | G6: 0.973062 | H6: 101700 | I6: 0 | J6: -0.6 | K6: 0.05 | L6: 0.835 | M6: 10 | N6: 0.25 | O6: 0 | P6: 4 | Q6: 4 | R6: 1 | S6: 0.023 | T6: 0.001 | U6: 1 | V6: 0 | W6: 0.008 | X6: 0.05 | Y6: 0.05 | Z6: 0 | AA6: -9999 | AB6: 0.677141 | AC6: 0.190857 | AD6: 0.2 | AE6: 1 | AF6: -0.14715 | AG6: PB | AH6: 2D compartment | AI6: 1 | AO6: 0 | AP6: 1 | AQ6: MRP | AR6: Maurepas | AS6: 80702040302 | AT6: Hope Canal-Pipeline Canal | AU6: 1865 | AV6: 2 | AW6: 1 | AX6: 4 | AY6: 0.506497 | AZ6: 0.529991 | BA6: 0.550175 | BB6: 0.567165 | BC6: 0.581951 | BD6: 0.613058 | BE6: 0.682778 | BF6: 20564600
A7: 4 | B7: Polygon ZM | C7: 5 | D7: 13723604 | E7: 0 | F7: 0.022851 | G7: 0.977149 | H7: 0 | I7: 0 | J7: -0.664898 | K7: 0.05 | L7: 0.835 | M7: 10 | N7: 0.25 | O7: 0 | P7: 5 | Q7: 5 | R7: 1 | S7: 0.023 | T7: 0.001 | U7: 1 | V7: 0 | W7: 0.008 | X7: 0.05 | Y7: 0.05 | Z7: 0 | AA7: -9999 | AB7: 0.461308 | AC7: 0.106401 | AD7: 0.2 | AE7: 1 | AF7: -0.060373 | AG7: PB | AH7: 2D compartment | AI7: 1 | AO7: 0 | AP7: 1 | AQ7: MRP | AR7: Maurepas | AS7: 80702040303 | AT7: Dutch Bayou-Mississippi Bayou | AU7: 1866 | AV7: 2 | AW7: 1 | AX7: 5 | AY7: 0.39394 | AZ7: 0.400935 | BA7: 0.407125 | BB7: 0.413499 | BC7: 0.41876 | BD7: 0.429045 | BE7: 0.450586 | BF7: 13723600
A8: 5 | B8: Polygon ZM | C8: 6 | D8: 37491882 | E8: 0.055188 | F8: 0.809231 | G8: 0.135581 | H8: 449100 | I8: 0 | J8: -0.6 | K8: 0.05 | L8: 0.835 | M8: 10 | N8: 0.25 | O8: 0 | P8: 6 | Q8: 6 | R8: 1 | S8: 0.023 | T8: 0.001 | U8: 1 | V8: 0 | W8: 0.008 | X8: 0.05 | Y8: 0.05 | Z8: 0 | AA8: -9999 | AB8: 3.007417 | AC8: 3.148099 | AD8: 0.2 | AE8: 1 | AF8: -2.167269 | AG8: PB-UL | AH8: 2D compartment | AI8: 1 | AO8: 0 | AP8: 1 | AQ8: MRP | AR8: Maurepas | AS8: 80702040302 | AT8: Hope Canal-Pipeline Canal | AU8: 1867 | AV8: 2 | AW8: 1 | AX8: 6 | AY8: 0.749989 | AZ8: 0.840148 | BA8: 0.923291 | BB8: 1.021128 | BC8: 1.131435 | BD8: 1.394102 | BE8: 2.582673 | BF8: 37491900
A9: 6 | B9: Polygon ZM | C9: 7 | D9: 16365869 | E9: 0.004289 | F9: 0.270085 | G9: 0.725626 | H9: 163800 | I9: 0 | J9: -0.6 | K9: 0.05 | L9: 0.835 | M9: 10 | N9: 0.25 | O9: 0 | P9: 7 | Q9: 7 | R9: 1 | S9: 0.023 | T9: 0.001 | U9: 1 | V9: 0 | W9: 0.008 | X9: 0.05 | Y9: 0.05 | Z9: 0 | AA9: -9999 | AB9: 0.726372 | AC9: 0.265652 | AD9: 0.2 | AE9: 1 | AF9: -0.139846 | AG9: PB | AH9: 2D compartment | AI9: 1 | AO9: 0 | AP9: 1 | AQ9: MRP | AR9: Maurepas | AS9: 80702040301 | AT9: Reserve Relief Canal | AU9: 1868 | AV9: 2 | AW9: 1 | AX9: 7 | AY9: 0.559353 | AZ9: 0.586526 | BA9: 0.601614 | BB9: 0.614574 | BC9: 0.627543 | BD9: 0.656232 | BE9: 0.724289 | BF9: 16365900
A10: 7 | B10: Polygon ZM | C10: 8 | D10: 21156458 | E10: 0.00536 | F10: 0.556476 | G10: 0.438164 | H10: 306900 | I10: 0 | J10: -0.6 | K10: 0.05 | L10: 0.835 | M10: 10 | N10: 0.25 | O10: 0 | P10: 8 | Q10: 8 | R10: 1 | S10: 0.023 | T10: 0.001 | U10: 1 | V10: 0 | W10: 0.008 | X10: 0.05 | Y10: 0.05 | Z10: 0 | AA10: -9999 | AB10: 0.74742 | AC10: 0.316696 | AD10: 0.2 | AE10: 1 | AF10: -0.204341 | AG10: PB | AH10: 2D compartment | AI10: 1 | AO10: 0 | AP10: 1 | AQ10: MRP | AR10: Maurepas | AS10: 80702040301 | AT10: Reserve Relief Canal | AU10: 1869 | AV10: 2 | AW10: 1 | AX10: 8 | AY10: 0.514893 | AZ10: 0.54308 | BA10: 0.568018 | BB10: 0.589526 | BC10: 0.604912 | BD10: 0.629149 | BE10: 0.69409 | BF10: 21156500
A11: 8 | B11: Polygon ZM | C11: 9 | D11: 22013590 | E11: 0.001962 | F11: 0.39586 | G11: 0.602178 | H11: 96300 | I11: 0 | J11: -0.6 | K11: 0.05 | L11: 0.835 | M11: 10 | N11: 0.25 | O11: 0 | P11: 9 | Q11: 9 | R11: 1 | S11: 0.023 | T11: 0.001 | U11: 1 | V11: 0 | W11: 0.008 | X11: 0.05 | Y11: 0.05 | Z11: 0.014247 | AA11: -9999 | AB11: 0.757179 | AC11: 0.387037 | AD11: 0.2 | AE11: 1 | AF11: -0.288093 | AG11: PB | AH11: 2D compartment | AI11: 1 | AO11: 0 | AP11: 1 | AQ11: MRP | AR11: Maurepas | AS11: 80702040503 | AT11: Illinois Central Gulf | AU11: 1870 | AV11: 2 | AW11: 1 | AX11: 9 | AY11: 0.419097 | AZ11: 0.469086 | BA11: 0.510282 | BB11: 0.540736 | BC11: 0.565733 | BD11: 0.612844 | BE11: 0.704323 | BF11: 22013600
A12: 9 | B12: Polygon ZM | C12: 10 | D12: 24574494 | E12: 0.000549 | F12: 0.797253 | G12: 0.202197 | H12: 26100 | I12: 0 | J12: -0.6 | K12: 0.05 | L12: 0.835 | M12: 10 | N12: 0.25 | O12: 0 | P12: 10 | Q12: 10 | R12: 1 | S12: 0.023 | T12: 0.001 | U12: 1 | V12: 0 | W12: 0.008 | X12: 0.05 | Y12: 0.05 | Z12: 0 | AA12: -9999 | AB12: 2.038979 | AC12: 0.958388 | AD12: 0.2 | AE12: 1 | AF12: -1.060347 | AG12: PB-UL | AH12: 2D compartment | AI12: 1 | AO12: 0 | AP12: 1 | AQ12: MRP | AR12: Maurepas | AS12: 80701000105 | AT12: Claiborne Island | AU12: 1871 | AV12: 2 | AW12: 1 | AX12: 10 | AY12: 0.798655 | AZ12: 0.978632 | BA12: 1.11345 | BB12: 1.237733 | BC12: 1.38246 | BD12: 1.661375 | BE12: 2.411322 | BF12: 24574500
A13: 10 | B13: Polygon ZM | C13: 11 | D13: 28238972 | E13: 0.074769 | F13: 0.072399 | G13: 0.852832 | H13: 2475000 | I13: 0 | J13: -0.6 | K13: 0.05 | L13: 0.835 | M13: 10 | N13: 0.25 | O13: 0 | P13: 11 | Q13: 11 | R13: 1 | S13: 0.023 | T13: 0.001 | U13: 1 | V13: 0 | W13: 0.008 | X13: 0.05 | Y13: 0.05 | Z13: 0.083592 | AA13: -9999 | AB13: 0.966667 | AC13: 0.662012 | AD13: 0.2 | AE13: 1 | AF13: -0.464109 | AG13: PB | AH13: 2D tributary boundary (Qmult > 0) | AI13: 1 | AL13: Bonnet Carre Spillway | AM13: 42 | AN13: 1 | AO13: 0 | AP13: 2 | AQ13: LPO | AR13: Lake_Pontchartrain | AS13: 80902030101 | AT13: Bayou La Branche-Frontal Lake Pontchartrain | AU13: 11 | AV13: 1 | AW13: 1 | AX13: 11 | AY13: 0.44248 | AZ13: 0.502558 | BA13: 0.542885 | BB13: 0.574442 | BC13: 0.602954 | BD13: 0.659676 | BE13: 0.856097 | BF13: 28239000
A14: 11 | B14: Polygon ZM | C14: 12 | D14: 30197797 | E14: 0.153548 | F14: 0.036036 | G14: 0.810417 | H14: 1860300 | I14: 0 | J14: -0.6 | K14: 0.05 | L14: 0.835 | M14: 10 | N14: 0.25 | O14: 0 | P14: 12 | Q14: 12 | R14: 1 | S14: 0.023 | T14: 0.001 | U14: 1 | V14: 0 | W14: 0.008 | X14: 0.05 | Y14: 0.05 | Z14: 0.101319 | AA14: -9999 | AB14: 0.273232 | AC14: 0.415433 | AD14: 0.2 | AE14: 1 | AF14: -0.476995 | AG14: PB | AH14: 2D tributary boundary (Qmult > 0) | AI14: 1 | AL14: LaBranche Hydrologic Restoration | AM14: 44 | AN14: 1 | AO14: 0 | AP14: 2 | AQ14: LPO | AR14: Lake_Pontchartrain | AS14: 80902030101 | AT14: Bayou La Branche-Frontal Lake Pontchartrain | AU14: 12 | AV14: 1 | AW14: 1 | AX14: 12 | AY14: -0.5758 | AZ14: -0.203764 | BA14: 0.130337 | BB14: 0.2096 | BC14: 0.261455 | BD14: 0.335372 | BE14: 0.426812 | BF14: 30197800
A15: 12 | B15: Polygon ZM | C15: 13 | D15: 227355705 | E15: 4e-06 | F15: 0.999972 | G15: 2.4e-05 | H15: 5400 | I15: 0 | J15: -3.5179 | K15: 0.05 | L15: 0.835 | M15: 10 | N15: 0.25 | O15: 0 | P15: 13 | Q15: 13 | R15: 1 | S15: 0.023 | T15: 0.001 | U15: 1 | V15: 0 | W15: 0.008 | X15: 0.05 | Y15: 0.05 | Z15: 0.004667 | AA15: -9999 | AB15: 0.134316 | AC15: 0.600969 | AD15: 0.2 | AE15: 1 | AF15: -0.468709 | AG15: PB-UL | AH15: 2D compartment | AI15: 1 | AO15: 0 | AP15: 33 | AQ15: -9999 | AR15: -9999 | AS15: 80902030103 | AT15: Metairie Canal-Canal No 2 | AU15: 1872 | AV15: 2 | AW15: -9999 | AX15: 13 | AY15: -0.527464 | AZ15: -0.334393 | BA15: -0.141322 | BB15: -0.12069 | BC15: -0.100058 | BD15: -0.058793 | BE15: 0.28528 | BF15: 227356000
A16: 13 | B16: Polygon ZM | C16: 14 | D16: 59310369 | E16: 0 | F16: 0.999985 | G16: 1.5e-05 | H16: 0 | I16: 0 | J16: -4.083467 | K16: 0.05 | L16: 0.835 | M16: 10 | N16: 0.25 | O16: 0 | P16: 14 | Q16: 14 | R16: 1 | S16: 0.023 | T16: 0.001 | U16: 1 | V16: 0 | W16: 0.008 | X16: 0.05 | Y16: 0.05 | Z16: 0.048285 | AA16: -9999 | AB16: 1.757205 | AC16: 0.624743 | AD16: 0.2 | AE16: 1 | AF16: -0.532779 | AG16: PB-UL | AH16: 2D compartment | AI16: 1 | AO16: 0 | AP16: 2 | AQ16: LPO | AR16: Lake_Pontchartrain | AS16: 80902030201 | AT16: Morrison Canal | AU16: 1873 | AV16: 2 | AW16: 1 | AX16: 14 | AY16: 1.154533 | AZ16: 1.224426 | BA16: 1.294319 | BB16: 1.364212 | BC16: 1.434106 | BD16: 1.573892 | BE16: 1.879581 | BF16: 59310400
A17: 14 | B17: Polygon ZM | C17: 15 | D17: 43748405 | E17: 0.009776 | F17: 0.014154 | G17: 0.97607 | H17: 176500 | I17: 0 | J17: -2.86 | K17: 0.05 | L17: 0.835 | M17: 10 | N17: 0.25 | O17: 0 | P17: 15 | Q17: 15 | R17: 1 | S17: 0.023 | T17: 0.001 | U17: 1 | V17: 0 | W17: 0.008 | X17: 0.05 | Y17: 0.05 | Z17: 0.077421 | AA17: -9999 | AB17: 0.62615 | AC17: 0.19221 | AD17: 0.2 | AE17: 1 | AF17: -0.217066 | AG17: PB | AH17: 2D tributary boundary (Qmult > 0) | AI17: 1 | AJ17: West Maurepas Swamp | AL17: Union & West Maurepas Diversion | AM17: 38 + 39 | AN17: 1 + 1 | AO17: 0 | AP17: 1 | AQ17: MRP | AR17: Maurepas | AS17: 80702040104 | AT17: Bayou Pierre-Little Amite River | AU17: 1874 | AV17: 2 | AW17: 1 | AX17: 15 | AY17: 0.578478 | AZ17: 0.592289 | BA17: 0.604455 | BB17: 0.615639 | BC17: 0.626448 | BD17: 0.647185 | BE17: 0.690694 | BF17: 43748400
A18: 15 | B18: Polygon ZM | C18: 16 | D18: 21927368 | E18: 0 | F18: 0.003971 | G18: 0.996029 | H18: 68400 | I18: 0 | J18: -0.775204 | K18: 0.05 | L18: 0.835 | M18: 10 | N18: 0.25 | O18: 0 | P18: 16 | Q18: 16 | R18: 1 | S18: 0.023 | T18: 0.001 | U18: 1 | V18: 0 | W18: 0.008 | X18: 0.05 | Y18: 0.05 | Z18: 0 | AA18: -9999 | AB18: 0.630183 | AC18: 0.141811 | AD18: 0.2 | AE18: 1 | AF18: -0.092683 | AG18: PB | AH18: 2D tributary boundary (Qmult > 0) | AI18: 1 | AJ18: West Maurepas Swamp | AL18: East Maurepas Diversion | AM18: 40 | AN18: 0.5 | AO18: 1 | AP18: 1 | AQ18: MRP | AR18: Maurepas | AS18: 80702040204 | AT18: Old New River-Blind River | AU18: 16 | AV18: 1 | AW18: 1 | AX18: 16 | AY18: 0.523857 | AZ18: 0.5375 | BA18: 0.548532 | BB18: 0.559349 | BC18: 0.569294 | BD18: 0.590274 | BE18: 0.642266 | BF18: 21927400
A19: 16 | B19: Polygon ZM | C19: 17 | D19: 21732064 | E19: 0.000124 | F19: 0 | G19: 0.999876 | H19: 172800 | I19: 0 | J19: -2.494671 | K19: 0.05 | L19: 0.835 | M19: 10 | N19: 0.25 | O19: 0 | P19: 17 | Q19: 17 | R19: 1 | S19: 0.023 | T19: 0.001 | U19: 1 | V19: 0 | W19: 0.008 | X19: 0.05 | Y19: 0.05 | Z19: 0.039294 | AA19: -9999 | AB19: 0.68808 | AC19: 0.086616 | AD19: 0.2 | AE19: 1 | AF19: -0.089609 | AG19: PB | AH19: 2D compartment | AI19: 1 | AJ19: West Maurepas Swamp | AO19: 1 | AP19: 1 | AQ19: MRP | AR19: Maurepas | AS19: 80702040303 | AT19: Dutch Bayou-Mississippi Bayou | AU19: 17 | AV19: 1 | AW19: 1 | AX19: 17 | AY19: 0.572429 | AZ19: 0.59847 | BA19: 0.616301 | BB19: 0.631968 | BC19: 0.646236 | BD19: 0.671023 | BE19: 0.714629 | BF19: 21732100
A20: 17 | B20: Polygon ZM | C20: 18 | D20: 30146863 | E20: 0.004986 | F20: 4.5e-05 | G20: 0.994969 | H20: 487800 | I20: 0 | J20: -2.203318 | K20: 0.05 | L20: 0.835 | M20: 10 | N20: 0.25 | O20: 0 | P20: 18 | Q20: 18 | R20: 1 | S20: 0.023 | T20: 0.001 | U20: 1 | V20: 0 | W20: 0.008 | X20: 0.05 | Y20: 0.05 | Z20: 0.091101 | AA20: -9999 | AB20: 0.653932 | AC20: 0.085099 | AD20: 0.2 | AE20: 1 | AF20: -0.076621 | AG20: PB | AH20: 2D compartment | AI20: 1 | AJ20: West Maurepas Swamp | AO20: 1 | AP20: 1 | AQ20: MRP | AR20: Maurepas | AS20: 80702040303 | AT20: Dutch Bayou-Mississippi Bayou | AU20: 18 | AV20: 1 | AW20: 1 | AX20: 18 | AY20: 0.560404 | AZ20: 0.577311 | BA20: 0.589915 | BB20: 0.60128 | BC20: 0.611014 | BD20: 0.630232 | BE20: 0.67115 | BF20: 30146900
A21: 18 | B21: Polygon ZM | C21: 19 | D21: 25767723 | E21: 0 | F21: 0.003591 | G21: 0.996409 | H21: 0 | I21: 0 | J21: -0.6 | K21: 0.05 | L21: 0.835 | M21: 10 | N21: 0.25 | O21: 0 | P21: 19 | Q21: 19 | R21: 1 | S21: 0.023 | T21: 0.001 | U21: 1 | V21: 0 | W21: 0.008 | X21: 0.05 | Y21: 0.05 | Z21: 0 | AA21: -9999 | AB21: 0.600003 | AC21: 0.146763 | AD21: 0.2 | AE21: 1 | AF21: -0.112847 | AG21: PB | AH21: 2D tributary boundary (Qmult > 0) | AI21: 1 | AJ21: West Maurepas Swamp | AL21: East Maurepas Diversion | AM21: 40 | AN21: 0.5 | AO21: 1 | AP21: 1 | AQ21: MRP | AR21: Maurepas | AS21: 80702040303 | AT21: Dutch Bayou-Mississippi Bayou | AU21: 19 | AV21: 1 | AW21: 1 | AX21: 19 | AY21: 0.460646 | AZ21: 0.487156 | BA21: 0.504003 | BB21: 0.519193 | BC21: 0.532579 | BD21: 0.56612 | BE21: 0.623441 | BF21: 25767700
A22: 19 | B22: Polygon ZM | C22: 20 | D22: 11803852 | E22: 0.000305 | F22: 0.001174 | G22: 0.998521 | H22: 33300 | I22: 0 | J22: -0.6 | K22: 0.05 | L22: 0.835 | M22: 10 | N22: 0.25 | O22: 0 | P22: 20 | Q22: 20 | R22: 1 | S22: 0.023 | T22: 0.001 | U22: 1 | V22: 0 | W22: 0.008 | X22: 0.05 | Y22: 0.05 | Z22: 0.070701 | AA22: -9999 | AB22: 0.681026 | AC22: 0.085225 | AD22: 0.2 | AE22: 1 | AF22: -0.079664 | AG22: PB | AH22: 2D compartment | AI22: 1 | AJ22: West Maurepas Swamp | AO22: 1 | AP22: 1 | AQ22: MRP | AR22: Maurepas | AS22: 80702040303 | AT22: Dutch Bayou-Mississippi Bayou | AU22: 20 | AV22: 1 | AW22: 1 | AX22: 20 | AY22: 0.583824 | AZ22: 0.601362 | BA22: 0.614844 | BB22: 0.625641 | BC22: 0.636365 | BD22: 0.656891 | BE22: 0.697133 | BF22: 11803900
A23: 20 | B23: Polygon ZM | C23: 21 | D23: 14083304 | E23: 0 | F23: 0.003011 | G23: 0.996989 | H23: 67500 | I23: 0 | J23: -0.6 | K23: 0.05 | L23: 0.835 | M23: 10 | N23: 0.25 | O23: 0 | P23: 21 | Q23: 21 | R23: 1 | S23: 0.023 | T23: 0.001 | U23: 1 | V23: 0 | W23: 0.008 | X23: 0.05 | Y23: 0.05 | Z23: 0 | AA23: -9999 | AB23: 0.668911 | AC23: 0.1166 | AD23: 0.2 | AE23: 1 | AF23: -0.102561 | AG23: PB | AH23: 2D compartment | AI23: 1 | AO23: 1 | AP23: 1 | AQ23: MRP | AR23: Maurepas | AS23: 80702040301 | AT23: Reserve Relief Canal | AU23: 21 | AV23: 1 | AW23: 1 | AX23: 21 | AY23: 0.5487 | AZ23: 0.56635 | BA23: 0.583328 | BB23: 0.59929 | BC23: 0.614393 | BD23: 0.640845 | BE23: 0.686369 | BF23: 14083300
A24: 21 | B24: Polygon ZM | C24: 22 | D24: 9098213 | E24: 0.00089 | F24: 0 | G24: 0.99911 | H24: 80100 | I24: 0 | J24: -0.6 | K24: 0.05 | L24: 0.835 | M24: 10 | N24: 0.25 | O24: 0 | P24: 22 | Q24: 22 | R24: 1 | S24: 0.023 | T24: 0.001 | U24: 1 | V24: 0 | W24: 0.008 | X24: 0.05 | Y24: 0.05 | Z24: 0.0332 | AA24: -9999 | AB24: 0.716641 | AC24: 0.09926 | AD24: 0.2 | AE24: 1 | AF24: -0.096612 | AG24: PB | AH24: 2D compartment | AI24: 1 | AO24: 1 | AP24: 1 | AQ24: MRP | AR24: Maurepas | AS24: 80702040301 | AT24: Reserve Relief Canal | AU24: 22 | AV24: 1 | AW24: 1 | AX24: 22 | AY24: 0.60347 | AZ24: 0.62003 | BA24: 0.634442 | BB24: 0.648681 | BC24: 0.662783 | BD24: 0.688103 | BE24: 0.733808 | BF24: 9098210
A25: 22 | B25: Polygon ZM | C25: 23 | D25: 16012338 | E25: 5.6e-05 | F25: 0.000533 | G25: 0.999411 | H25: 63900 | I25: 0 | J25: -0.6 | K25: 0.05 | L25: 0.835 | M25: 10 | N25: 0.25 | O25: 0 | P25: 23 | Q25: 23 | R25: 1 | S25: 0.023 | T25: 0.001 | U25: 1 | V25: 0 | W25: 0.008 | X25: 0.05 | Y25: 0.05 | Z25: 0 | AA25: -9999 | AB25: 0.67254 | AC25: 0.129651 | AD25: 0.2 | AE25: 1 | AF25: -0.121549 | AG25: PB | AH25: 2D compartment | AI25: 1 | AO25: 0 | AP25: 1 | AQ25: MRP | AR25: Maurepas | AS25: 80702040301 | AT25: Reserve Relief Canal | AU25: 23 | AV25: 1 | AW25: 1 | AX25: 23 | AY25: 0.529564 | AZ25: 0.550991 | BA25: 0.5688 | BB25: 0.585312 | BC25: 0.601747 | BD25: 0.634209 | BE25: 0.699574 | BF25: 16012300
A26: 23 | B26: Polygon ZM | C26: 24 | D26: 13970240 | E26: 0.007795 | F26: 9.6e-05 | G26: 0.992109 | H26: 208800 | I26: 0 | J26: -0.6 | K26: 0.05 | L26: 0.835 | M26: 10 | N26: 0.25 | O26: 0 | P26: 24 | Q26: 24 | R26: 1 | S26: 0.023 | T26: 0.001 | U26: 1 | V26: 0 | W26: 0.008 | X26: 0.05 | Y26: 0.05 | Z26: 0.090165 | AA26: -9999 | AB26: 0.749764 | AC26: 0.10024 | AD26: 0.2 | AE26: 1 | AF26: -0.093942 | AG26: PB | AH26: 2D compartment | AI26: 1 | AO26: 0 | AP26: 1 | AQ26: MRP | AR26: Maurepas | AS26: 80702040301 | AT26: Reserve Relief Canal | AU26: 24 | AV26: 1 | AW26: 1 | AX26: 24 | AY26: 0.634684 | AZ26: 0.655822 | BA26: 0.673875 | BB26: 0.687676 | BC26: 0.700896 | BD26: 0.725249 | BE26: 0.769427 | BF26: 13970200
A27: 24 | B27: Polygon ZM | C27: 25 | D27: 16220799 | E27: 5.5e-05 | F27: 6.2e-05 | G27: 0.999883 | H27: 71100 | I27: 0 | J27: -0.6 | K27: 0.05 | L27: 0.835 | M27: 10 | N27: 0.25 | O27: 0 | P27: 25 | Q27: 25 | R27: 1 | S27: 0.023 | T27: 0.001 | U27: 1 | V27: 0 | W27: 0.008 | X27: 0.05 | Y27: 0.05 | Z27: 0.000994 | AA27: -9999 | AB27: 0.615606 | AC27: 0.096457 | AD27: 0.2 | AE27: 1 | AF27: -0.090966 | AG27: PB | AH27: 2D compartment | AI27: 1 | AO27: 0 | AP27: 1 | AQ27: MRP | AR27: Maurepas | AS27: 80702040301 | AT27: Reserve Relief Canal | AU27: 25 | AV27: 1 | AW27: 1 | AX27: 25 | AY27: 0.506713 | AZ27: 0.52464 | BA27: 0.539175 | BB27: 0.551707 | BC27: 0.563169 | BD27: 0.584712 | BE27: 0.62861 | BF27: 16220800
A28: 25 | B28: Polygon ZM | C28: 26 | D28: 20977096 | E28: 0.005578 | F28: 0.000424 | G28: 0.993998 | H28: 258300 | I28: 0 | J28: -0.6 | K28: 0.05 | L28: 0.835 | M28: 10 | N28: 0.25 | O28: 0 | P28: 26 | Q28: 26 | R28: 1 | S28: 0.023 | T28: 0.001 | U28: 1 | V28: 0 | W28: 0.008 | X28: 0.05 | Y28: 0.05 | Z28: 0.174654 | AA28: -9999 | AB28: 0.711468 | AC28: 0.116869 | AD28: 0.2 | AE28: 1 | AF28: -0.123564 | AG28: PB | AH28: 2D compartment | AI28: 1 | AO28: 0 | AP28: 1 | AQ28: MRP | AR28: Maurepas | AS28: 80702040503 | AT28: Illinois Central Gulf | AU28: 26 | AV28: 1 | AW28: 1 | AX28: 26 | AY28: 0.565203 | AZ28: 0.587904 | BA28: 0.611067 | BB28: 0.631588 | BC28: 0.650188 | BD28: 0.680274 | BE28: 0.732033 | BF28: 20977100
A29: 26 | B29: Polygon ZM | C29: 27 | D29: 15187944 | E29: 0.002667 | F29: 0.013303 | G29: 0.98403 | H29: 230400 | I29: 0 | J29: -1 | K29: 0.05 | L29: 0.835 | M29: 10 | N29: 0.25 | O29: 0 | P29: 27 | Q29: 27 | R29: 1 | S29: 0.023 | T29: 0.001 | U29: 1 | V29: 0 | W29: 0.008 | X29: 0.05 | Y29: 0.05 | Z29: 0.167428 | AA29: -9999 | AB29: 0.725782 | AC29: 0.154015 | AD29: 0.2 | AE29: 1 | AF29: -0.130795 | AG29: PB | AH29: 2D compartment | AI29: 1 | AO29: 0 | AP29: 1 | AQ29: MRP | AR29: Maurepas | AS29: 80702040503 | AT29: Illinois Central Gulf | AU29: 27 | AV29: 1 | AW29: 1 | AX29: 27 | AY29: 0.574118 | AZ29: 0.594987 | BA29: 0.618108 | BB29: 0.635774 | BC29: 0.650801 | BD29: 0.679341 | BE29: 0.739437 | BF29: 15187900
A30: 27 | B30: Polygon ZM | C30: 28 | D30: 40649267 | E30: 0.002125 | F30: 0.049968 | G30: 0.947906 | H30: 264600 | I30: 0 | J30: -0.6 | K30: 0.05 | L30: 0.835 | M30: 10 | N30: 0.25 | O30: 0 | P30: 28 | Q30: 28 | R30: 1 | S30: 0.023 | T30: 0.001 | U30: 1 | V30: 0 | W30: 0.008 | X30: 0.05 | Y30: 0.05 | Z30: 0.04533 | AA30: -9999 | AB30: 0.557003 | AC30: 0.158054 | AD30: 0.2 | AE30: 1 | AF30: -0.102077 | AG30: PB | AH30: 2D compartment | AI30: 1 | AO30: 0 | AP30: 1 | AQ30: MRP | AR30: Maurepas | AS30: 80702040205 | AT30: Bayou Chene Blanc-Blind River | AU30: 1875 | AV30: 2 | AW30: 1 | AX30: 28 | AY30: 0.442422 | AZ30: 0.454926 | BA30: 0.465218 | BB30: 0.474646 | BC30: 0.483655 | BD30: 0.500172 | BE30: 0.541404 | BF30: 40649300
A31: 28 | B31: Polygon ZM | C31: 29 | D31: 55791742 | E31: 0.002968 | F31: 0.060425 | G31: 0.936606 | H31: 792000 | I31: 0 | J31: -0.76398 | K31: 0.05 | L31: 0.835 | M31: 10 | N31: 0.25 | O31: 0 | P31: 29 | Q31: 29 | R31: 1 | S31: 0.023 | T31: 0.001 | U31: 1 | V31: 0 | W31: 0.008 | X31: 0.05 | Y31: 0.05 | Z31: 0.057462 | AA31: -9999 | AB31: 0.652144 | AC31: 0.298944 | AD31: 0.2 | AE31: 1 | AF31: -0.158386 | AG31: PB | AH31: 2D compartment | AI31: 1 | AO31: 0 | AP31: 1 | AQ31: MRP | AR31: Maurepas | AS31: 80702040205 | AT31: Bayou Chene Blanc-Blind River | AU31: 29 | AV31: 1 | AW31: 1 | AX31: 29 | AY31: 0.473847 | AZ31: 0.493757 | BA31: 0.509875 | BB31: 0.524466 | BC31: 0.537875 | BD31: 0.563438 | BE31: 0.618965 | BF31: 55791700
A32: 29 | B32: Polygon ZM | C32: 30 | D32: 32882479 | E32: 0.006213 | F32: 0.017656 | G32: 0.976131 | H32: 808200 | I32: 0 | J32: -1.938208 | K32: 0.05 | L32: 0.835 | M32: 10 | N32: 0.25 | O32: 0 | P32: 30 | Q32: 30 | R32: 1 | S32: 0.023 | T32: 0.001 | U32: 1 | V32: 0 | W32: 0.008 | X32: 0.05 | Y32: 0.05 | Z32: 0.098592 | AA32: -9999 | AB32: 0.556546 | AC32: 0.163538 | AD32: 0.2 | AE32: 1 | AF32: -0.102089 | AG32: PB | AH32: 2D compartment | AI32: 1 | AO32: 0 | AP32: 1 | AQ32: MRP | AR32: Maurepas | AS32: 80702030403 | AT32: Killian Bayou-Tickfaw River | AU32: 30 | AV32: 1 | AW32: 1 | AX32: 30 | AY32: 0.432657 | AZ32: 0.454457 | BA32: 0.472242 | BB32: 0.487465 | BC32: 0.500501 | BD32: 0.524132 | BE32: 0.572393 | BF32: 32882500
A33: 30 | B33: Polygon ZM | C33: 31 | D33: 19142288 | E33: 0.000893 | F33: 0.073966 | G33: 0.92514 | H33: 576900 | I33: 0 | J33: -0.6 | K33: 0.05 | L33: 0.835 | M33: 10 | N33: 0.25 | O33: 0 | P33: 31 | Q33: 31 | R33: 1 | S33: 0.023 | T33: 0.001 | U33: 1 | V33: 0 | W33: 0.008 | X33: 0.05 | Y33: 0.05 | Z33: 0.063471 | AA33: -9999 | AB33: 0.521154 | AC33: 0.191166 | AD33: 0.2 | AE33: 1 | AF33: -0.098054 | AG33: PB | AH33: 2D compartment | AI33: 1 | AO33: 0 | AP33: 1 | AQ33: MRP | AR33: Maurepas | AS33: 80702030403 | AT33: Killian Bayou-Tickfaw River | AU33: 31 | AV33: 1 | AW33: 1 | AX33: 31 | AY33: 0.406897 | AZ33: 0.4231 | BA33: 0.433939 | BB33: 0.442999 | BC33: 0.451958 | BD33: 0.470502 | BE33: 0.516217 | BF33: 19142300
A34: 31 | B34: Polygon ZM | C34: 32 | D34: 63140202 | E34: 0.00114 | F34: 0.02105 | G34: 0.97781 | H34: 564300 | I34: 0 | J34: -0.826819 | K34: 0.05 | L34: 0.835 | M34: 10 | N34: 0.25 | O34: 0 | P34: 32 | Q34: 32 | R34: 1 | S34: 0.023 | T34: 0.001 | U34: 1 | V34: 0 | W34: 0.008 | X34: 0.05 | Y34: 0.05 | Z34: 0.041801 | AA34: -9999 | AB34: 0.500085 | AC34: 0.115527 | AD34: 0.2 | AE34: 1 | AF34: -0.090262 | AG34: PB | AH34: 2D compartment | AI34: 1 | AO34: 0 | AP34: 1 | AQ34: MRP | AR34: Maurepas | AS34: 80702040502 | AT34: Anderson Canal | AU34: 32 | AV34: 1 | AW34: 1 | AX34: 32 | AY34: 0.386882 | AZ34: 0.409823 | BA34: 0.427422 | BB34: 0.442333 | BC34: 0.456549 | BD34: 0.486106 | BE34: 0.535727 | BF34: 63140200
A35: 32 | B35: Polygon ZM | C35: 33 | D35: 261849984 | E35: 0.928834 | F35: 0.002679 | G35: 0.068487 | H35: 2241000 | I35: 0 | J35: -2.832427 | K35: 0.05 | L35: 0.835 | M35: 10 | N35: 0.25 | O35: 0 | P35: 33 | Q35: 33 | R35: 1 | S35: 0.023 | T35: 0.001 | U35: 1 | V35: 0 | W35: 0.008 | X35: 0.05 | Y35: 0.05 | Z35: 0.048496 | AA35: -9999 | AB35: 0.364325 | AC35: 0.487942 | AD35: 0.2 | AE35: 1 | AF35: -0.034325 | AG35: PB | AH35: 2D tributary boundary (Qmult > 0) | AI35: 1 | AL35: S Lake Maurepas ungaged drainage | AM35: 34 | AN35: 0.5 | AO35: 0 | AP35: 1 | AQ35: MRP | AR35: Maurepas | AS35: 80702040400 | AU35: 33 | AV35: 1 | AW35: 1 | AX35: 33 | AY35: 0.311015 | AZ35: 0.33 | BA35: 0.342571 | BB35: 0.354328 | BC35: 0.364287 | BD35: 0.382285 | BE35: 0.415218 | BF35: 261850000
A36: 33 | B36: Polygon ZM | C36: 34 | D36: 145537009 | E36: 0.002387 | F36: 0.020313 | G36: 0.9773 | H36: 1140300 | I36: 0 | J36: -5.33 | K36: 0.05 | L36: 0.835 | M36: 10 | N36: 0.25 | O36: 0 | P36: 34 | Q36: 34 | R36: 1 | S36: 0.023 | T36: 0.001 | U36: 1 | V36: 0 | W36: 0.008 | X36: 0.05 | Y36: 0.05 | Z36: 0.057159 | AA36: -9999 | AB36: 0.555841 | AC36: 0.243693 | AD36: 0.2 | AE36: 1 | AF36: -0.142674 | AG36: PB | AH36: 2D compartment | AI36: 1 | AO36: 0 | AP36: 1 | AQ36: MRP | AR36: Maurepas | AS36: 80702040504 | AT36: North Pass-Manchac Pass | AU36: 34 | AV36: 1 | AW36: 1 | AX36: 34 | AY36: 0.392502 | AZ36: 0.413167 | BA36: 0.431183 | BB36: 0.447644 | BC36: 0.464079 | BD36: 0.496792 | BE36: 0.548677 | BF36: 145537000
A37: 34 | B37: Polygon ZM | C37: 35 | D37: 16387070 | E37: 0.000934 | F37: 0.007406 | G37: 0.99166 | H37: 219600 | I37: 0 | J37: -1.549925 | K37: 0.05 | L37: 0.835 | M37: 10 | N37: 0.25 | O37: 0 | P37: 35 | Q37: 35 | R37: 1 | S37: 0.023 | T37: 0.001 | U37: 1 | V37: 0 | W37: 0.008 | X37: 0.05 | Y37: 0.05 | Z37: 0.087835 | AA37: -9999 | AB37: 0.497252 | AC37: 0.127394 | AD37: 0.2 | AE37: 1 | AF37: -0.087106 | AG37: PB | AH37: 2D compartment | AI37: 1 | AO37: 0 | AP37: 2 | AQ37: LPO | AR37: Lake_Pontchartrain | AS37: 80702050402 | AT37: Bedico Creek | AU37: 35 | AV37: 1 | AW37: 1 | AX37: 35 | AY37: 0.395686 | AZ37: 0.410146 | BA37: 0.421365 | BB37: 0.431072 | BC37: 0.440285 | BD37: 0.458211 | BE37: 0.497382 | BF37: 16387100
A38: 35 | B38: Polygon ZM | C38: 36 | D38: 11178431 | E38: 0.000322 | F38: 0.007687 | G38: 0.991991 | H38: 97200 | I38: 0 | J38: -1 | K38: 0.05 | L38: 0.835 | M38: 10 | N38: 0.25 | O38: 0 | P38: 36 | Q38: 36 | R38: 1 | S38: 0.023 | T38: 0.001 | U38: 1 | V38: 0 | W38: 0.008 | X38: 0.05 | Y38: 0.05 | Z38: 0.062883 | AA38: -9999 | AB38: 0.451476 | AC38: 0.156693 | AD38: 0.2 | AE38: 1 | AF38: -0.118678 | AG38: PB | AH38: 2D compartment | AI38: 1 | AO38: 0 | AP38: 2 | AQ38: LPO | AR38: Lake_Pontchartrain | AS38: 80902010206 | AT38: Ponchitalawa Creek-Tchefuncta River | AU38: 36 | AV38: 1 | AW38: 1 | AX38: 36 | AY38: 0.299866 | AZ38: 0.332799 | BA38: 0.355836 | BB38: 0.375515 | BC38: 0.391797 | BD38: 0.424416 | BE38: 0.484452 | BF38: 11178400
A39: 36 | B39: Polygon ZM | C39: 37 | D39: 876904702 | E39: 0.994507 | F39: 0.001874 | G39: 0.003619 | H39: 1780200 | I39: 0 | J39: -4.139349 | K39: 0.05 | L39: 0.835 | M39: 10 | N39: 0.25 | O39: 0 | P39: 37 | Q39: 37 | R39: 1 | S39: 0.023 | T39: 0.001 | U39: 1 | V39: 0 | W39: 0.008 | X39: 0.05 | Y39: 0.05 | Z39: 0.018745 | AA39: -9999 | AB39: 0.596041 | AC39: 0.533795 | AD39: 0.2 | AE39: 1 | AF39: -0.601418 | AG39: PB | AH39: 2D tributary boundary (Qmult > 0) | AI39: 1 | AL39: S/SW Lake Pontch ungaged drainage | AM39: 32 + 33 | AN39: 0.5 + 1 | AO39: 0 | AP39: 2 | AQ39: LPO | AR39: Lake_Pontchartrain | AS39: 80902020100 | AU39: 37 | AV39: 1 | AW39: 1 | AX39: 37 | AY39: -0.074437 | AZ39: -0.005377 | BA39: 0.195124 | BB39: 0.378412 | BC39: 0.476285 | BD39: 0.576032 | BE39: 0.707139 | BF39: 876905000
A40: 37 | B40: Polygon ZM | C40: 38 | D40: 672883641 | E40: 0.989825 | F40: 0.007765 | G40: 0.00241 | H40: 1368000 | I40: 0 | J40: -4.78347 | K40: 0.05 | L40: 0.835 | M40: 10 | N40: 0.25 | O40: 0 | P40: 38 | Q40: 38 | R40: 1 | S40: 0.023 | T40: 0.001 | U40: 1 | V40: 0 | W40: 0.008 | X40: 0.05 | Y40: 0.05 | Z40: 0.028301 | AA40: -9999 | AB40: 0.270123 | AC40: 1.17017 | AD40: 0.2 | AE40: 1 | AF40: -0.488016 | AG40: PB | AH40: 2D tributary boundary (Qmult > 0) | AI40: 1 | AL40: SE/S Lake Pontch ungaged drainage | AM40: 31 + 32 | AN40: 1 + 0.5 | AO40: 0 | AP40: 2 | AQ40: LPO | AR40: Lake_Pontchartrain | AS40: 80902020100 | AU40: 38 | AV40: 1 | AW40: 1 | AX40: 38 | AY40: -0.338666 | AZ40: -0.217893 | BA40: -0.1184 | BB40: -0.042445 | BC40: 0.011124 | BD40: 0.124613 | BE40: 0.463838 | BF40: 672884000
A41: 38 | B41: Polygon ZM | C41: 39 | D41: 21810910 | E41: 0.154945 | F41: 0.006369 | G41: 0.838686 | H41: 2000700 | I41: 0 | J41: -0.6 | K41: 0.05 | L41: 0.835 | M41: 10 | N41: 0.25 | O41: 0 | P41: 39 | Q41: 39 | R41: 1 | S41: 0.023 | T41: 0.001 | U41: 1 | V41: 0 | W41: 0.008 | X41: 0.05 | Y41: 0.05 | Z41: 0.137891 | AA41: -9999 | AB41: 0.267876 | AC41: 0.448374 | AD41: 0.2 | AE41: 1 | AF41: -0.75109 | AG41: PB | AH41: 2D compartment | AI41: 1 | AO41: 0 | AP41: 2 | AQ41: LPO | AR41: Lake_Pontchartrain | AS41: 80902010304 | AT41: Big Branch Bayou-Lacombe Bayou | AU41: 39 | AV41: 1 | AW41: 1 | AX41: 39 | AY41: -0.5 | AZ41: -0.483214 | BA41: -0.282148 | BB41: 0.029764 | BC41: 0.126602 | BD41: 0.28687 | BE41: 0.47535 | BF41: 21810900
A42: 39 | B42: Polygon ZM | C42: 40 | D42: 9755350 | E42: 0.113476 | F42: 0.022444 | G42: 0.86408 | H42: 1213200 | I42: 0 | J42: -0.722999 | K42: 0.05 | L42: 0.835 | M42: 10 | N42: 0.25 | O42: 0 | P42: 40 | Q42: 40 | R42: 1 | S42: 0.023 | T42: 0.001 | U42: 1 | V42: 0 | W42: 0.008 | X42: 0.05 | Y42: 0.05 | Z42: 0.254142 | AA42: -9999 | AB42: 0.143166 | AC42: 0.469766 | AD42: 0.2 | AE42: 1 | AF42: -0.643166 | AG42: PB | AH42: 2D compartment | AI42: 1 | AO42: 0 | AP42: 2 | AQ42: LPO | AR42: Lake_Pontchartrain | AS42: 80902010304 | AT42: Big Branch Bayou-Lacombe Bayou | AU42: 40 | AV42: 1 | AW42: 1 | AX42: 40 | AY42: -0.5 | AZ42: -0.5 | BA42: -0.354375 | BB42: -0.067063 | BC42: 0.045379 | BD42: 0.186801 | BE42: 0.346229 | BF42: 9755350
A43: 40 | B43: Polygon ZM | C43: 41 | D43: 57026450 | E43: 0.110696 | F43: 0.056338 | G43: 0.832966 | H43: 2202300 | I43: 0 | J43: -0.6 | K43: 0.05 | L43: 0.835 | M43: 10 | N43: 0.25 | O43: 0 | P43: 41 | Q43: 41 | R43: 1 | S43: 0.023 | T43: 0.001 | U43: 1 | V43: 0 | W43: 0.008 | X43: 0.05 | Y43: 0.05 | Z43: 0.141269 | AA43: -9999 | AB43: -0.040916 | AC43: 0.418779 | AD43: 0.2 | AE43: 1 | AF43: -0.333194 | AG43: PB | AH43: 2D compartment | AI43: 1 | AO43: 0 | AP43: 2 | AQ43: LPO | AR43: Lake_Pontchartrain | AS43: 80902030202 | AT43: Bayou Sauvage-Frontal Chef Menteur Pass | AU43: 1876 | AV43: 2 | AW43: 1 | AX43: 41 | AY43: -0.5817 | AZ43: -0.37411 | BA43: -0.268625 | BB43: -0.211372 | BC43: -0.164654 | BD43: -0.091049 | BE43: 0.031802 | BF43: 57026400
A44: 41 | B44: Polygon ZM | C44: 42 | D44: 176351284 | E44: 0.70447 | F44: 0.110714 | G44: 0.184816 | H44: 7593300 | I44: 0 | J44: -3.024451 | K44: 0.05 | L44: 0.835 | M44: 10 | N44: 0.25 | O44: 0 | P44: 42 | Q44: 42 | R44: 1 | S44: 0.023 | T44: 0.001 | U44: 1 | V44: 0 | W44: 0.008 | X44: 0.05 | Y44: 0.05 | Z44: 0.136707 | AA44: -9999 | AB44: 0.342463 | AC44: 0.439833 | AD44: 0.2 | AE44: 1 | AF44: -0.405672 | AG44: PB | AH44: 2D compartment | AI44: 1 | AO44: 0 | AP44: 2 | AQ44: LPO | AR44: Lake_Pontchartrain | AS44: 80902020100 | AU44: 42 | AV44: 1 | AW44: 1 | AX44: 42 | AY44: -0.261295 | AZ44: -0.063209 | BA44: 0.164172 | BB44: 0.259322 | BC44: 0.298409 | BD44: 0.363772 | BE44: 0.455594 | BF44: 176351000
A45: 42 | B45: Polygon ZM | C45: 43 | D45: 67860422 | E45: 0.65103 | F45: 0.019993 | G45: 0.328977 | H45: 7789500 | I45: 0 | J45: -3.176448 | K45: 0.05 | L45: 0.835 | M45: 10 | N45: 0.25 | O45: 0 | P45: 43 | Q45: 43 | R45: 1 | S45: 0.023 | T45: 0.001 | U45: 1 | V45: 0 | W45: 0.008 | X45: 0.05 | Y45: 0.05 | Z45: 0.229602 | AA45: -9999 | AB45: 0.031188 | AC45: 0.581259 | AD45: 0.2 | AE45: 1 | AF45: -0.570736 | AG45: PB | AH45: 2D compartment | AI45: 1 | AO45: 0 | AP45: 3 | AQ45: LBO | AR45: Lake_Borgne | AS45: 80902030303 | AT45: Lake St Catherine-Frontal Lake Borgne | AU45: 43 | AV45: 1 | AW45: 1 | AX45: 43 | AY45: -0.739621 | AZ45: -0.539549 | BA45: -0.3722 | BB45: -0.224951 | BC45: -0.096554 | BD45: 0.088501 | BE45: 0.305017 | BF45: 67860400
A46: 43 | B46: Polygon ZM | C46: 44 | D46: 27780799 | E46: 0.079663 | F46: 0.072975 | G46: 0.847362 | H46: 3431700 | I46: 0 | J46: -0.6 | K46: 0.05 | L46: 0.835 | M46: 10 | N46: 0.25 | O46: 0 | P46: 44 | Q46: 44 | R46: 1 | S46: 0.023 | T46: 0.001 | U46: 1 | V46: 0 | W46: 0.008 | X46: 0.05 | Y46: 0.05 | Z46: 0.130871 | AA46: -9999 | AB46: 0.356055 | AC46: 0.314092 | AD46: 0.2 | AE46: 1 | AF46: -0.324216 | AG46: PB | AH46: 2D compartment | AI46: 1 | AO46: 0 | AP46: 3 | AQ46: LBO | AR46: Lake_Borgne | AS46: 31800041007 | AT46: Rigolets-Pearl River | AU46: 44 | AV46: 1 | AW46: 1 | AX46: 44 | AY46: -0.1 | AZ46: 0.031839 | BA46: 0.140254 | BB46: 0.207867 | BC46: 0.25983 | BD46: 0.342851 | BE46: 0.468305 | BF46: 27780800
A47: 44 | B47: Polygon ZM | C47: 45 | D47: 39779792 | E47: 0.136811 | F47: 0.316716 | G47: 0.546473 | H47: 3301200 | I47: 0 | J47: -0.6 | K47: 0.05 | L47: 0.835 | M47: 10 | N47: 0.25 | O47: 0 | P47: 45 | Q47: 45 | R47: 1 | S47: 0.023 | T47: 0.001 | U47: 1 | V47: 0 | W47: 0.008 | X47: 0.05 | Y47: 0.05 | Z47: 0.101294 | AA47: -9999 | AB47: 0.356515 | AC47: 0.444046 | AD47: 0.2 | AE47: 1 | AF47: -0.556515 | AG47: PB | AH47: 2D compartment | AI47: 1 | AO47: 0 | AP47: 3 | AQ47: LBO | AR47: Lake_Borgne | AS47: 80902010307 | AT47: Salt Bayou | AU47: 1877 | AV47: 2 | AW47: 1 | AX47: 45 | AY47: -0.210402 | AZ47: -0.2 | BA47: -0.063749 | BB47: 0.084632 | BC47: 0.175275 | BD47: 0.355358 | BE47: 0.489668 | BF47: 39779800
A48: 45 | B48: Polygon ZM | C48: 46 | D48: 30870658 | E48: 0.023155 | F48: 0.710026 | G48: 0.26682 | H48: 229300 | I48: 0 | J48: -0.6 | K48: 0.05 | L48: 0.835 | M48: 10 | N48: 0.25 | O48: 0 | P48: 46 | Q48: 46 | R48: 1 | S48: 0.023 | T48: 0.001 | U48: 1 | V48: 0 | W48: 0.008 | X48: 0.05 | Y48: 0.05 | Z48: 0.0377 | AA48: -9999 | AB48: 1.210473 | AC48: 0.468855 | AD48: 0.2 | AE48: 1 | AF48: -0.285437 | AG48: PB | AH48: 2D compartment | AI48: 1 | AO48: 0 | AP48: 3 | AQ48: LBO | AR48: Lake_Borgne | AS48: 31800041005 | AT48: Pearlington-Pearl River | AU48: 1878 | AV48: 2 | AW48: 1 | AX48: 46 | AY48: 0.911621 | AZ48: 0.929844 | BA48: 0.947668 | BB48: 0.970999 | BC48: 0.996983 | BD48: 1.041009 | BE48: 1.194018 | BF48: 30870700
A49: 46 | B49: Polygon ZM | C49: 47 | D49: 24386081 | E49: 0.011728 | F49: 0.494449 | G49: 0.493823 | H49: 343700 | I49: 0 | J49: -0.6 | K49: 0.05 | L49: 0.835 | M49: 10 | N49: 0.25 | O49: 0 | P49: 47 | Q49: 47 | R49: 1 | S49: 0.023 | T49: 0.001 | U49: 1 | V49: 0 | W49: 0.008 | X49: 0.05 | Y49: 0.05 | Z49: 0 | AA49: -9999 | AB49: 3.042013 | AC49: 0.634099 | AD49: 0.2 | AE49: 1 | AF49: -0.739953 | AG49: PB | AH49: 2D compartment | AI49: 1 | AO49: 0 | AP49: 3 | AQ49: LBO | AR49: Lake_Borgne | AS49: 31800041004 | AT49: Middle River-Pearl River | AU49: 1879 | AV49: 2 | AW49: 1 | AX49: 47 | AY49: 2.1242 | AZ49: 2.30206 | BA49: 2.50168 | BB49: 2.753647 | BC49: 2.841202 | BD49: 2.954711 | BE49: 3.135445 | BF49: 24386100
A50: 47 | B50: Polygon ZM | C50: 48 | D50: 89852999 | E50: 0.049534 | F50: 0.068588 | G50: 0.881878 | H50: 1606500 | I50: 0 | J50: -1 | K50: 0.05 | L50: 0.835 | M50: 10 | N50: 0.25 | O50: 0 | P50: 48 | Q50: 48 | R50: 1 | S50: 0.023 | T50: 0.001 | U50: 1 | V50: 0 | W50: 0.008 | X50: 0.05 | Y50: 0.05 | Z50: 0.005254 | AA50: -9999 | AB50: 2.06053 | AC50: 1.299864 | AD50: 0.2 | AE50: 1 | AF50: -1.395658 | AG50: PB | AH50: 2D compartment | AI50: 1 | AO50: 0 | AP50: 3 | AQ50: LBO | AR50: Lake_Borgne | AS50: 31800041004 | AT50: Middle River-Pearl River | AU50: 1880 | AV50: 2 | AW50: 1 | AX50: 48 | AY50: 0.522413 | AZ50: 0.664873 | BA50: 0.840233 | BB50: 0.998382 | BC50: 1.157285 | BD50: 1.487496 | BE50: 2.231243 | BF50: 89853000
A51: 48 | B51: Polygon ZM | C51: 49 | D51: 36898398 | E51: 0.027817 | F51: 0.01554 | G51: 0.956643 | H51: 959100 | I51: 0 | J51: -4.439788 | K51: 0.05 | L51: 0.835 | M51: 10 | N51: 0.25 | O51: 0 | P51: 49 | Q51: 49 | R51: 1 | S51: 0.023 | T51: 0.001 | U51: 1 | V51: 0 | W51: 0.008 | X51: 0.05 | Y51: 0.05 | Z51: 0.035936 | AA51: -9999 | AB51: 0.571097 | AC51: 0.330161 | AD51: 0.2 | AE51: 1 | AF51: -0.218314 | AG51: PB | AH51: 2D compartment | AI51: 1 | AO51: 0 | AP51: 3 | AQ51: LBO | AR51: Lake_Borgne | AS51: 31800041005 | AT51: Pearlington-Pearl River | AU51: 49 | AV51: 1 | AW51: 1 | AX51: 49 | AY51: 0.283434 | AZ51: 0.340545 | BA51: 0.37585 | BB51: 0.400595 | BC51: 0.421348 | BD51: 0.456785 | BE51: 0.550865 | BF51: 36898400
A52: 49 | B52: Polygon ZM | C52: 50 | D52: 51821048 | E52: 0.230667 | F52: 0.007201 | G52: 0.762132 | H52: 2014500 | I52: 0 | J52: -1.318898 | K52: 0.05 | L52: 0.835 | M52: 10 | N52: 0.25 | O52: 0 | P52: 50 | Q52: 50 | R52: 1 | S52: 0.023 | T52: 0.001 | U52: 1 | V52: 0 | W52: 0.008 | X52: 0.05 | Y52: 0.05 | Z52: 0.140226 | AA52: -9999 | AB52: 0.334158 | AC52: 0.289898 | AD52: 0.2 | AE52: 1 | AF52: -0.256252 | AG52: PB | AH52: 2D compartment | AI52: 1 | AO52: 0 | AP52: 3 | AQ52: LBO | AR52: Lake_Borgne | AS52: 31800041007 | AT52: Rigolets-Pearl River | AU52: 50 | AV52: 1 | AW52: 1 | AX52: 50 | AY52: -0.061132 | AZ52: 0.056495 | BA52: 0.152716 | BB52: 0.213429 | BC52: 0.255534 | BD52: 0.320143 | BE52: 0.418794 | BF52: 51821000
A53: 50 | B53: Polygon ZM | C53: 51 | D53: 53059707 | E53: 0.027635 | F53: 0.455792 | G53: 0.516573 | H53: 630200 | I53: 0 | J53: -0.6 | K53: 0.05 | L53: 0.835 | M53: 10 | N53: 0.25 | O53: 0 | P53: 51 | Q53: 51 | R53: 1 | S53: 0.023 | T53: 0.001 | U53: 1 | V53: 0 | W53: 0.008 | X53: 0.05 | Y53: 0.05 | Z53: 0.004615 | AA53: -9999 | AB53: 2.275722 | AC53: 1.861784 | AD53: 0.2 | AE53: 1 | AF53: -1.647511 | AG53: PB | AH53: 2D compartment | AI53: 1 | AO53: 0 | AP53: 33 | AQ53: -9999 | AR53: -9999 | AS53: 31800041003 | AT53: Mikes River | AU53: 1881 | AV53: 2 | AW53: -9999 | AX53: 51 | AY53: 0.497306 | AZ53: 0.628211 | BA53: 0.786112 | BB53: 0.955345 | BC53: 1.136637 | BD53: 1.484265 | BE53: 2.133029 | BF53: 53059700
A54: 51 | B54: Polygon ZM | C54: 52 | D54: 54900145 | E54: 0.006195 | F54: 0.72693 | G54: 0.266875 | H54: 212300 | I54: 0 | J54: -0.6 | K54: 0.05 | L54: 0.835 | M54: 10 | N54: 0.25 | O54: 0 | P54: 52 | Q54: 52 | R54: 1 | S54: 0.023 | T54: 0.001 | U54: 1 | V54: 0 | W54: 0.008 | X54: 0.05 | Y54: 0.05 | Z54: 0.00407 | AA54: -9999 | AB54: 2.355749 | AC54: 1.877203 | AD54: 0.2 | AE54: 1 | AF54: -1.907242 | AG54: PB | AH54: 2D compartment | AI54: 1 | AO54: 0 | AP54: 33 | AQ54: -9999 | AR54: -9999 | AS54: 31800041005 | AT54: Pearlington-Pearl River | AU54: 1882 | AV54: 2 | AW54: -9999 | AX54: 52 | AY54: 0.397843 | AZ54: 0.448507 | BA54: 0.487028 | BB54: 0.523886 | BC54: 0.566103 | BD54: 0.714964 | BE54: 4.035355 | BF54: 54900100
A55: 52 | B55: Polygon ZM | C55: 53 | D55: 122845376 | E55: 0.029385 | F55: 0.528328 | G55: 0.442287 | H55: 3238400 | I55: 0 | J55: -0.6 | K55: 0.05 | L55: 0.835 | M55: 10 | N55: 0.25 | O55: 0 | P55: 53 | Q55: 53 | R55: 1 | S55: 0.023 | T55: 0.001 | U55: 1 | V55: 0 | W55: 0.008 | X55: 0.05 | Y55: 0.05 | Z55: 0.005201 | AA55: -9999 | AB55: 1.648593 | AC55: 1.719795 | AD55: 0.2 | AE55: 1 | AF55: -1.389049 | AG55: PB | AH55: 2D compartment | AI55: 1 | AO55: 0 | AP55: 33 | AQ55: -9999 | AR55: -9999 | AS55: 31800041006 | AT55: Mulatto Bayou | AU55: 1883 | AV55: 2 | AW55: -9999 | AX55: 53 | AY55: 0.191917 | AZ55: 0.259544 | BA55: 0.310873 | BB55: 0.357616 | BC55: 0.405426 | BD55: 0.51159 | BE55: 0.8233 | BF55: 122845000
A56: 53 | B56: Polygon ZM | C56: 54 | D56: 39290846 | E56: 0.093225 | F56: 0.077564 | G56: 0.829211 | H56: 4796300 | I56: 0 | J56: -0.6 | K56: 0.05 | L56: 0.835 | M56: 10 | N56: 0.25 | O56: 0 | P56: 54 | Q56: 54 | R56: 1 | S56: 0.023 | T56: 0.001 | U56: 1 | V56: 0 | W56: 0.008 | X56: 0.05 | Y56: 0.05 | Z56: 0.000238 | AA56: -9999 | AB56: 0.343837 | AC56: 0.276058 | AD56: 0.2 | AE56: 1 | AF56: -0.192895 | AG56: PB | AH56: 2D compartment | AI56: 1 | AO56: 0 | AP56: 33 | AQ56: -9999 | AR56: -9999 | AS56: 31800041007 | AT56: Rigolets-Pearl River | AU56: 54 | AV56: 1 | AW56: -9999 | AX56: 54 | AY56: 0.106473 | AZ56: 0.150943 | BA56: 0.179044 | BB56: 0.20121 | BC56: 0.220486 | BD56: 0.256841 | BE56: 0.341477 | BF56: 39290800
A57: 54 | B57: Polygon ZM | C57: 55 | D57: 82921002 | E57: 0.367637 | F57: 0.010229 | G57: 0.622134 | H57: 16538400 | I57: 0 | J57: -3.640327 | K57: 0.05 | L57: 0.835 | M57: 10 | N57: 0.25 | O57: 0 | P57: 55 | Q57: 55 | R57: 1 | S57: 0.023 | T57: 0.001 | U57: 1 | V57: 0 | W57: 0.008 | X57: 0.05 | Y57: 0.05 | Z57: 0.303603 | AA57: -9999 | AB57: 0.278247 | AC57: 0.494237 | AD57: 0.2 | AE57: 1 | AF57: -0.540968 | AG57: PB | AH57: 2D compartment | AI57: 1 | AO57: 0 | AP57: 3 | AQ57: LBO | AR57: Lake_Borgne | AS57: 80902030400 | AT57: Lake Borgne | AU57: 55 | AV57: 1 | AW57: 1 | AX57: 55 | AY57: -0.49451 | AZ57: -0.262721 | BA57: -0.008151 | BB57: 0.123221 | BC57: 0.208804 | BD57: 0.333196 | BE57: 0.472869 | BF57: 82921000
A58: 55 | B58: Polygon ZM | C58: 56 | D58: 360683178 | E58: 0.989959 | F58: 0 | G58: 0.010041 | H58: 1665000 | I58: 0 | J58: -2.70182 | K58: 0.05 | L58: 0.835 | M58: 10 | N58: 0.25 | O58: 0 | P58: 56 | Q58: 56 | R58: 1 | S58: 0.023 | T58: 0.001 | U58: 1 | V58: 0 | W58: 0.008 | X58: 0.05 | Y58: 0.05 | Z58: 0.043202 | AA58: -9999 | AB58: 0.238202 | AC58: 0.438243 | AD58: 0.2 | AE58: 1 | AF58: -0.542485 | AG58: PB | AH58: 2D compartment | AI58: 1 | AO58: 0 | AP58: 3 | AQ58: LBO | AR58: Lake_Borgne | AS58: 80902030400 | AT58: Lake Borgne | AU58: 56 | AV58: 1 | AW58: 1 | AX58: 56 | AY58: -0.48897 | AZ58: -0.304283 | BA58: 0.043704 | BB58: 0.193412 | BC58: 0.250479 | BD58: 0.311452 | BE58: 0.401252 | BF58: 360683000
A59: 56 | B59: Polygon ZM | C59: 57 | D59: 378097524 | E59: 0.879545 | F59: 0.00129 | G59: 0.119165 | H59: 5644900 | I59: 0 | J59: -3.084376 | K59: 0.05 | L59: 0.835 | M59: 10 | N59: 0.25 | O59: 0 | P59: 57 | Q59: 57 | R59: 1 | S59: 0.023 | T59: 0.001 | U59: 1 | V59: 0 | W59: 0.008 | X59: 0.05 | Y59: 0.05 | Z59: 0.074749 | AA59: -9999 | AB59: 0.280632 | AC59: 0.396409 | AD59: 0.2 | AE59: 1 | AF59: -0.158593 | AG59: PB | AH59: 2D compartment | AI59: 1 | AO59: 0 | AP59: 3 | AQ59: LBO | AR59: Lake_Borgne | AS59: 80902030400 | AT59: Lake Borgne | AU59: 57 | AV59: 1 | AW59: 1 | AX59: 57 | AY59: -0.265983 | AZ59: 0.081912 | BA59: 0.175646 | BB59: 0.2261 | BC59: 0.263308 | BD59: 0.318771 | BE59: 0.405177 | BF59: 378098000
A60: 57 | B60: Polygon ZM | C60: 58 | D60: 22095846 | E60: 0.455746 | F60: 0.000771 | G60: 0.543482 | H60: 4810500 | I60: 0 | J60: -2.899337 | K60: 0.05 | L60: 0.835 | M60: 10 | N60: 0.25 | O60: 0 | P60: 58 | Q60: 58 | R60: 1 | S60: 0.023 | T60: 0.001 | U60: 1 | V60: 0 | W60: 0.008 | X60: 0.05 | Y60: 0.05 | Z60: 0.271561 | AA60: -9999 | AB60: 0.180235 | AC60: 0.450469 | AD60: 0.2 | AE60: 1 | AF60: -0.715916 | AG60: PB | AH60: 2D compartment | AI60: 1 | AO60: 0 | AP60: 3 | AQ60: LBO | AR60: Lake_Borgne | AS60: 80902030607 | AT60: Bayou La Loutre | AU60: 58 | AV60: 1 | AW60: 1 | AX60: 58 | AY60: -0.6 | AZ60: -0.535682 | BA60: -0.341266 | BB60: -0.192485 | BC60: 0.010896 | BD60: 0.214793 | BE60: 0.449485 | BF60: 22095800
A61: 58 | B61: Polygon ZM | C61: 59 | D61: 36982585 | E61: 0.191012 | F61: 6.7e-05 | G61: 0.808921 | H61: 7910100 | I61: 0 | J61: -0.6 | K61: 0.05 | L61: 0.835 | M61: 10 | N61: 0.25 | O61: 0 | P61: 59 | Q61: 59 | R61: 1 | S61: 0.023 | T61: 0.001 | U61: 1 | V61: 0 | W61: 0.008 | X61: 0.05 | Y61: 0.05 | Z61: 0.286761 | AA61: -9999 | AB61: 0.264185 | AC61: 0.350673 | AD61: 0.2 | AE61: 1 | AF61: -0.476361 | AG61: PB | AH61: 2D compartment | AI61: 1 | AO61: 0 | AP61: 3 | AQ61: LBO | AR61: Lake_Borgne | AS61: 80902030607 | AT61: Bayou La Loutre | AU61: 59 | AV61: 1 | AW61: 1 | AX61: 59 | AY61: -0.413359 | AZ61: -0.212176 | BA61: 0.069311 | BB61: 0.185909 | BC61: 0.261678 | BD61: 0.350718 | BE61: 0.441801 | BF61: 36982600
A62: 59 | B62: Polygon ZM | C62: 60 | D62: 32490186 | E62: 0.370524 | F62: 0.000283 | G62: 0.629193 | H62: 4840200 | I62: 0 | J62: -0.686331 | K62: 0.05 | L62: 0.835 | M62: 10 | N62: 0.25 | O62: 0 | P62: 60 | Q62: 60 | R62: 1 | S62: 0.023 | T62: 0.001 | U62: 1 | V62: 0 | W62: 0.008 | X62: 0.05 | Y62: 0.05 | Z62: 0.349781 | AA62: -9999 | AB62: 0.467109 | AC62: 0.378785 | AD62: 0.2 | AE62: 1 | AF62: -0.364674 | AG62: PB | AH62: 2D compartment | AI62: 1 | AO62: 0 | AP62: 3 | AQ62: LBO | AR62: Lake_Borgne | AS62: 80902030601 | AT62: Bayou Marron-Frontal False Mouth Bay | AU62: 60 | AV62: 1 | AW62: 1 | AX62: 60 | AY62: -0.175895 | AZ62: 0.102435 | BA62: 0.271995 | BB62: 0.377378 | BC62: 0.435906 | BD62: 0.509917 | BE62: 0.623946 | BF62: 32490200
A63: 60 | B63: Polygon ZM | C63: 61 | D63: 13253709 | E63: 0.174857 | F63: 0.000431 | G63: 0.824713 | H63: 2212200 | I63: 0 | J63: -1.036353 | K63: 0.05 | L63: 0.835 | M63: 10 | N63: 0.25 | O63: 0 | P63: 61 | Q63: 61 | R63: 1 | S63: 0.023 | T63: 0.001 | U63: 1 | V63: 0 | W63: 0.008 | X63: 0.05 | Y63: 0.05 | Z63: 0.304276 | AA63: -9999 | AB63: 0.466025 | AC63: 0.306413 | AD63: 0.2 | AE63: 1 | AF63: -0.203898 | AG63: PB | AH63: 2D compartment | AI63: 1 | AO63: 0 | AP63: 3 | AQ63: LBO | AR63: Lake_Borgne | AS63: 80902030601 | AT63: Bayou Marron-Frontal False Mouth Bay | AU63: 61 | AV63: 1 | AW63: 1 | AX63: 61 | AY63: 0.079106 | AZ63: 0.262128 | BA63: 0.338244 | BB63: 0.386309 | BC63: 0.422322 | BD63: 0.484969 | BE63: 0.591522 | BF63: 13253700
A64: 61 | B64: Polygon ZM | C64: 62 | D64: 15059235 | E64: 0.381892 | F64: 0 | G64: 0.618108 | H64: 2111400 | I64: 0 | J64: -0.712572 | K64: 0.05 | L64: 0.835 | M64: 10 | N64: 0.25 | O64: 0 | P64: 62 | Q64: 62 | R64: 1 | S64: 0.023 | T64: 0.001 | U64: 1 | V64: 0 | W64: 0.008 | X64: 0.05 | Y64: 0.05 | Z64: 0.511989 | AA64: -9999 | AB64: 0.476257 | AC64: 0.297818 | AD64: 0.2 | AE64: 1 | AF64: -0.198442 | AG64: PB | AH64: 2D compartment | AI64: 1 | AO64: 0 | AP64: 3 | AQ64: LBO | AR64: Lake_Borgne | AS64: 80902030601 | AT64: Bayou Marron-Frontal False Mouth Bay | AU64: 62 | AV64: 1 | AW64: 1 | AX64: 62 | AY64: 0.102188 | AZ64: 0.277815 | BA64: 0.359993 | BB64: 0.406465 | BC64: 0.440596 | BD64: 0.498795 | BE64: 0.588189 | BF64: 15059200
A65: 62 | B65: Polygon ZM | C65: 63 | D65: 41778898 | E65: 0.630124 | F65: 0 | G65: 0.369876 | H65: 5023800 | I65: 0 | J65: -0.822247 | K65: 0.05 | L65: 0.835 | M65: 10 | N65: 0.25 | O65: 0 | P65: 63 | Q65: 63 | R65: 1 | S65: 0.023 | T65: 0.001 | U65: 1 | V65: 0 | W65: 0.008 | X65: 0.05 | Y65: 0.05 | Z65: 0.535264 | AA65: -9999 | AB65: 0.489777 | AC65: 0.314281 | AD65: 0.2 | AE65: 1 | AF65: -0.241721 | AG65: PB | AH65: 2D compartment | AI65: 1 | AO65: 0 | AP65: 4 | AQ65: CHS | AR65: Chandeleur_Sound | AS65: 80902030604 | AT65: Lake Eugenie-Bayou Muscle | AU65: 63 | AV65: 1 | AW65: 1 | AX65: 63 | AY65: 0.011897 | AZ65: 0.248056 | BA65: 0.396594 | BB65: 0.44802 | BC65: 0.484176 | BD65: 0.539103 | BE65: 0.621075 | BF65: 41778900
A66: 63 | B66: Polygon ZM | C66: 64 | D66: 45587046 | E66: 0.468923 | F66: 0 | G66: 0.531077 | H66: 8509500 | I66: 0 | J66: -0.634604 | K66: 0.05 | L66: 0.835 | M66: 10 | N66: 0.25 | O66: 0 | P66: 64 | Q66: 64 | R66: 1 | S66: 0.023 | T66: 0.001 | U66: 1 | V66: 0 | W66: 0.008 | X66: 0.05 | Y66: 0.05 | Z66: 0.564307 | AA66: -9999 | AB66: 0.412176 | AC66: 0.292389 | AD66: 0.2 | AE66: 1 | AF66: -0.230939 | AG66: PB | AH66: 2D compartment | AI66: 1 | AO66: 0 | AP66: 4 | AQ66: CHS | AR66: Chandeleur_Sound | AS66: 80902030604 | AT66: Lake Eugenie-Bayou Muscle | AU66: 64 | AV66: 1 | AW66: 1 | AX66: 64 | AY66: -0.022891 | AZ66: 0.181237 | BA66: 0.311102 | BB66: 0.371699 | BC66: 0.405534 | BD66: 0.452548 | BE66: 0.525216 | BF66: 45587000
A67: 64 | B67: Polygon ZM | C67: 65 | D67: 91821225 | E67: 0.415257 | F67: 0.000182 | G67: 0.584561 | H67: 10006200 | I67: 0 | J67: -1.981009 | K67: 0.05 | L67: 0.835 | M67: 10 | N67: 0.25 | O67: 0 | P67: 65 | Q67: 65 | R67: 1 | S67: 0.023 | T67: 0.001 | U67: 1 | V67: 0 | W67: 0.008 | X67: 0.05 | Y67: 0.05 | Z67: 0.418863 | AA67: -9999 | AB67: 0.412309 | AC67: 0.297777 | AD67: 0.2 | AE67: 1 | AF67: -0.157578 | AG67: PB | AH67: 2D compartment | AI67: 1 | AO67: 0 | AP67: 4 | AQ67: CHS | AR67: Chandeleur_Sound | AS67: 80902030608 | AT67: Bayou Pointe-en-Pointe-Mississipi River Gulf Outlet Canal | AU67: 65 | AV67: 1 | AW67: 1 | AX67: 65 | AY67: 0.069208 | AZ67: 0.254731 | BA67: 0.315984 | BB67: 0.354882 | BC67: 0.384237 | BD67: 0.434592 | BE67: 0.522937 | BF67: 91821200
A68: 65 | B68: Polygon ZM | C68: 66 | D68: 95061522 | E68: 0.878106 | F68: 0 | G68: 0.121894 | H68: 5350500 | I68: 0 | J68: -1.313475 | K68: 0.05 | L68: 0.835 | M68: 10 | N68: 0.25 | O68: 0 | P68: 66 | Q68: 66 | R68: 1 | S68: 0.023 | T68: 0.001 | U68: 1 | V68: 0 | W68: 0.008 | X68: 0.05 | Y68: 0.05 | Z68: 0.330629 | AA68: -9999 | AB68: 0.414576 | AC68: 0.257762 | AD68: 0.2 | AE68: 1 | AF68: -0.176112 | AG68: PB | AH68: 2D compartment | AI68: 1 | AO68: 0 | AP68: 4 | AQ68: CHS | AR68: Chandeleur_Sound | AS68: 80902030800 | AT68: Chandeleur Sound | AU68: 66 | AV68: 1 | AW68: 1 | AX68: 66 | AY68: 0.143376 | AZ68: 0.238464 | BA68: 0.283174 | BB68: 0.314828 | BC68: 0.34357 | BD68: 0.397629 | BE68: 0.493509 | BF68: 95061500
A69: 66 | B69: Polygon ZM | C69: 67 | D69: 316322042 | E69: 0.876177 | F69: 1.4e-05 | G69: 0.123809 | H69: 16623900 | I69: 0 | J69: -1.272128 | K69: 0.05 | L69: 0.835 | M69: 10 | N69: 0.25 | O69: 0 | P69: 67 | Q69: 67 | R69: 1 | S69: 0.023 | T69: 0.001 | U69: 1 | V69: 0 | W69: 0.008 | X69: 0.05 | Y69: 0.05 | Z69: 0.260342 | AA69: -9999 | AB69: 0.351106 | AC69: 0.252616 | AD69: 0.2 | AE69: 1 | AF69: -0.164712 | AG69: PB | AH69: 2D compartment | AI69: 1 | AO69: 0 | AP69: 4 | AQ69: CHS | AR69: Chandeleur_Sound | AS69: 80902030603 | AT69: Bay Boudreau | AU69: 67 | AV69: 1 | AW69: 1 | AX69: 67 | AY69: 0.054819 | AZ69: 0.186394 | BA69: 0.246532 | BB69: 0.280934 | BC69: 0.304715 | BD69: 0.343988 | BE69: 0.420776 | BF69: 316322000
A70: 67 | B70: Polygon ZM | C70: 68 | D70: 752280971 | E70: 0.988451 | F70: 0.001978 | G70: 0.00957 | H70: 1425900 | I70: 0 | J70: -3.261984 | K70: 0 | L70: 0.835 | M70: 10 | N70: 0.25 | O70: 0 | P70: 68 | Q70: 68 | R70: 1 | S70: 0.023 | T70: 0.001 | U70: 1 | V70: 0 | W70: 0 | X70: 0.05 | Y70: 0.05 | Z70: 0.00339 | AA70: -9999 | AB70: 0.684623 | AC70: 0.656822 | AD70: 0.2 | AE70: 0 | AF70: -0.49688 | AG70: PB | AH70: 2D compartment - GoM | AI70: 1 | AO70: 0 | AP70: 33 | AQ70: -9999 | AR70: -9999 | AU70: 68 | AV70: 1 | AW70: -9999 | AX70: 68 | AY70: 0.11427 | AZ70: 0.153644 | BA70: 0.177389 | BB70: 0.19346 | BC70: 0.207966 | BD70: 0.2317 | BE70: 0.276995 | BF70: 752281000
A71: 68 | B71: Polygon ZM | C71: 69 | D71: 139253370 | E71: 0.33546 | F71: 0.361147 | G71: 0.303393 | H71: 4202100 | I71: 0 | J71: -1.475251 | K71: 0.05 | L71: 0.835 | M71: 10 | N71: 0.25 | O71: 0 | P71: 69 | Q71: 69 | R71: 1 | S71: 0.023 | T71: 0.001 | U71: 1 | V71: 0 | W71: 0.008 | X71: 0.05 | Y71: 0.05 | Z71: 0 | AA71: -9999 | AB71: 1.366853 | AC71: 1.828805 | AD71: 0.2 | AE71: 1 | AF71: -1.006154 | AG71: PB | AH71: 2D tributary boundary (Qmult > 0) | AI71: 1 | AL71: Wolf & Jourdan River | AM71: 21 + 28 | AN71: 1.3 + 1.3 | AO71: 0 | AP71: 33 | AQ71: -9999 | AR71: -9999 | AU71: 69 | AV71: 1 | AW71: -9999 | AX71: 69 | AY71: 0.296596 | AZ71: 0.360698 | BA71: 0.418452 | BB71: 0.488192 | BC71: 0.569076 | BD71: 0.727262 | BE71: 1.065509 | BF71: 139253000
A72: 69 | B72: Polygon ZM | C72: 70 | D72: 166432286 | E72: 0.994112 | F72: 6.9e-05 | G72: 0.005819 | H72: 480600 | I72: 0 | J72: -2.716865 | K72: 0.05 | L72: 0.835 | M72: 10 | N72: 0.25 | O72: 0 | P72: 70 | Q72: 70 | R72: 1 | S72: 0.023 | T72: 0.001 | U72: 1 | V72: 0 | W72: 0.008 | X72: 0.05 | Y72: 0.05 | Z72: 0.024571 | AA72: -9999 | AB72: 0.321909 | AC72: 0.274198 | AD72: 0.2 | AE72: 1 | AF72: -0.152702 | AG72: PB | AH72: 2D compartment | AI72: 1 | AO72: 0 | AP72: 4 | AQ72: CHS | AR72: Chandeleur_Sound | AS72: 80902030800 | AT72: Chandeleur Sound | AU72: 70 | AV72: 1 | AW72: 1 | AX72: 70 | AY72: 0.023502 | AZ72: 0.169207 | BA72: 0.215463 | BB72: 0.257474 | BC72: 0.296396 | BD72: 0.342962 | BE72: 0.418263 | BF72: 166432000
A73: 70 | B73: Polygon ZM | C73: 71 | D73: 197327267 | E73: 1 | F73: 0 | G73: 0 | H73: 0 | I73: 0 | J73: -4.916869 | K73: 0 | L73: 0.835 | M73: 10 | N73: 0.25 | O73: 0 | P73: 71 | Q73: 71 | R73: 1 | S73: 0.023 | T73: 0.001 | U73: 1 | V73: 0 | W73: 0 | X73: 0.05 | Y73: 0.05 | Z73: 0 | AA73: -9999 | AB73: -4.916869 | AC73: 0 | AD73: 0.2 | AE73: 0 | AF73: 0 | AG73: PB | AH73: 2D compartment - GoM | AI73: 1 | AO73: 0 | AP73: 4 | AQ73: CHS | AR73: Chandeleur_Sound | AS73: 80902030800 | AT73: Chandeleur Sound | AU73: 71 | AV73: 1 | AW73: 1 | AX73: 71 | AY73: 0 | AZ73: 0 | BA73: 0 | BB73: 0 | BC73: 0 | BD73: 0 | BE73: 0 | BF73: 197327000
A74: 71 | B74: Polygon ZM | C74: 72 | D74: 249075480 | E74: 0.999894 | F74: 6e-06 | G74: 0.0001 | H74: 19800 | I74: 0 | J74: -8.270121 | K74: 0 | L74: 0.835 | M74: 10 | N74: 0.25 | O74: 0 | P74: 72 | Q74: 72 | R74: 1 | S74: 0.023 | T74: 0.001 | U74: 1 | V74: 0 | W74: 0 | X74: 0.05 | Y74: 0.05 | Z74: 0 | AA74: -9999 | AB74: -0.718873 | AC74: 0.500211 | AD74: 0.2 | AE74: 0 | AF74: -0.574327 | AG74: PB | AH74: 2D compartment - GoM | AI74: 1 | AO74: 0 | AP74: 4 | AQ74: CHS | AR74: Chandeleur_Sound | AS74: 80902030800 | AT74: Chandeleur Sound | AU74: 72 | AV74: 1 | AW74: 1 | AX74: 72 | AY74: -1.363511 | AZ74: -1.293201 | BA74: -1.219925 | BB74: -0.904116 | BC74: -0.56 | BD74: -0.56 | BE74: -0.56 | BF74: 249075000
A75: 72 | B75: Polygon ZM | C75: 73 | D75: 170953779 | E75: 0.999454 | F75: 6.1e-05 | G75: 0.000484 | H75: 58500 | I75: 0 | J75: -2.507412 | K75: 0.05 | L75: 0.835 | M75: 10 | N75: 0.25 | O75: 0 | P75: 73 | Q75: 73 | R75: 1 | S75: 0.023 | T75: 0.001 | U75: 1 | V75: 0 | W75: 0.008 | X75: 0.05 | Y75: 0.05 | Z75: 0.009779 | AA75: -9999 | AB75: 0.442506 | AC75: 0.15642 | AD75: 0.2 | AE75: 1 | AF75: -0.133937 | AG75: PB | AH75: 2D compartment | AI75: 1 | AO75: 0 | AP75: 4 | AQ75: CHS | AR75: Chandeleur_Sound | AS75: 80902030800 | AT75: Chandeleur Sound | AU75: 73 | AV75: 1 | AW75: 1 | AX75: 73 | AY75: 0.262535 | AZ75: 0.308569 | BA75: 0.347573 | BB75: 0.37995 | BC75: 0.419383 | BD75: 0.448313 | BE75: 0.47774 | BF75: 170954000
A76: 73 | B76: Polygon ZM | C76: 74 | D76: 280129298 | E76: 1 | F76: 0 | G76: 0 | H76: 0 | I76: 0 | J76: -4.233712 | K76: 0 | L76: 0.835 | M76: 10 | N76: 0.25 | O76: 0 | P76: 74 | Q76: 74 | R76: 1 | S76: 0.023 | T76: 0.001 | U76: 1 | V76: 0 | W76: 0 | X76: 0.05 | Y76: 0.05 | Z76: 0 | AA76: -9999 | AB76: -4.233712 | AC76: 0 | AD76: 0.2 | AE76: 0 | AF76: 0 | AG76: PB | AH76: 2D compartment - GoM | AI76: 1 | AO76: 0 | AP76: 4 | AQ76: CHS | AR76: Chandeleur_Sound | AS76: 80902030800 | AT76: Chandeleur Sound | AU76: 74 | AV76: 1 | AW76: 1 | AX76: 74 | AY76: 0 | AZ76: 0 | BA76: 0 | BB76: 0 | BC76: 0 | BD76: 0 | BE76: 0 | BF76: 280129000
A77: 74 | B77: Polygon ZM | C77: 75 | D77: 445222841 | E77: 0.970155 | F77: 3.6e-05 | G77: 0.029808 | H77: 4366800 | I77: 0 | J77: -4.108873 | K77: 0 | L77: 0.835 | M77: 10 | N77: 0.25 | O77: 0 | P77: 75 | Q77: 75 | R77: 1 | S77: 0.023 | T77: 0.001 | U77: 1 | V77: 0 | W77: 0 | X77: 0.05 | Y77: 0.05 | Z77: 0.017559 | AA77: -9999 | AB77: -0.315343 | AC77: 0.893859 | AD77: 0.2 | AE77: 0 | AF77: -1.131249 | AG77: PB | AH77: 2D compartment | AI77: 1 | AO77: 0 | AP77: 4 | AQ77: CHS | AR77: Chandeleur_Sound | AS77: 80902030800 | AT77: Chandeleur Sound | AU77: 75 | AV77: 1 | AW77: 1 | AX77: 75 | AY77: -1.567398 | AZ77: -1.446592 | BA77: -1.301974 | BB77: -1.162641 | BC77: -0.988871 | BD77: -0.424162 | BE77: 0.208562 | BF77: 445223000
A78: 75 | B78: Polygon ZM | C78: 76 | D78: 175930466 | E78: 0.976666 | F78: 0 | G78: 0.023334 | H78: 2342700 | I78: 0 | J78: -2.724257 | K78: 0 | L78: 0.835 | M78: 10 | N78: 0.25 | O78: 0 | P78: 76 | Q78: 76 | R78: 1 | S78: 0.023 | T78: 0.001 | U78: 1 | V78: 0 | W78: 0 | X78: 0.05 | Y78: 0.05 | Z78: 0.006181 | AA78: -9999 | AB78: 0.498873 | AC78: 0.23921 | AD78: 0.2 | AE78: 0 | AF78: -0.161678 | AG78: PB | AH78: 2D compartment | AI78: 1 | AO78: 0 | AP78: 4 | AQ78: CHS | AR78: Chandeleur_Sound | AS78: 80902030800 | AT78: Chandeleur Sound | AU78: 76 | AV78: 1 | AW78: 1 | AX78: 76 | AY78: 0.220577 | AZ78: 0.337195 | BA78: 0.40603 | BB78: 0.442138 | BC78: 0.466772 | BD78: 0.507094 | BE78: 0.576041 | BF78: 175930000
A79: 76 | B79: Polygon ZM | C79: 77 | D79: 245208234 | E79: 1 | F79: 0 | G79: 0 | H79: 0 | I79: 0 | J79: -4.309892 | K79: 0 | L79: 0.835 | M79: 10 | N79: 0.25 | O79: 0 | P79: 77 | Q79: 77 | R79: 1 | S79: 0.023 | T79: 0.001 | U79: 1 | V79: 0 | W79: 0 | X79: 0.05 | Y79: 0.05 | Z79: 0 | AA79: -9999 | AB79: -4.309892 | AC79: 0 | AD79: 0.2 | AE79: 0 | AF79: 0 | AG79: PB | AH79: 2D compartment - GoM | AI79: 1 | AO79: 0 | AP79: 4 | AQ79: CHS | AR79: Chandeleur_Sound | AS79: 80902030800 | AT79: Chandeleur Sound | AU79: 77 | AV79: 1 | AW79: 1 | AX79: 77 | AY79: 0 | AZ79: 0 | BA79: 0 | BB79: 0 | BC79: 0 | BD79: 0 | BE79: 0 | BF79: 245208000
A80: 77 | B80: Polygon ZM | C80: 78 | D80: 262126587 | E80: 0.994981 | F80: 1.6e-05 | G80: 0.005003 | H80: 860400 | I80: 0 | J80: -3.826795 | K80: 0 | L80: 0.835 | M80: 10 | N80: 0.25 | O80: 0 | P80: 78 | Q80: 78 | R80: 1 | S80: 0.023 | T80: 0.001 | U80: 1 | V80: 0 | W80: 0 | X80: 0.05 | Y80: 0.05 | Z80: 0.000988 | AA80: -9999 | AB80: -1.806021 | AC80: 0.576905 | AD80: 0.2 | AE80: 0 | AF80: -0.646457 | AG80: PB | AH80: 2D compartment - GoM | AI80: 1 | AO80: 0 | AP80: 4 | AQ80: CHS | AR80: Chandeleur_Sound | AS80: 80902030800 | AT80: Chandeleur Sound | AU80: 78 | AV80: 1 | AW80: 1 | AX80: 78 | AY80: -2.663341 | AZ80: -2.452478 | BA80: -2.260855 | BB80: -2.043353 | BC80: -1.961049 | BD80: -1.799702 | BE80: -1.608729 | BF80: 262127000
A81: 78 | B81: Polygon ZM | C81: 79 | D81: 111250392 | E81: 0.9536 | F81: 6.9e-05 | G81: 0.046331 | H81: 1434600 | I81: 0 | J81: -2.467615 | K81: 0.05 | L81: 0.835 | M81: 10 | N81: 0.25 | O81: 0 | P81: 79 | Q81: 79 | R81: 1 | S81: 0.023 | T81: 0.001 | U81: 1 | V81: 0 | W81: 0.008 | X81: 0.05 | Y81: 0.05 | Z81: 0.015613 | AA81: -9999 | AB81: 0.455725 | AC81: 0.260214 | AD81: 0.2 | AE81: 1 | AF81: -0.132149 | AG81: PB | AH81: 2D compartment | AI81: 1 | AO81: 0 | AP81: 4 | AQ81: CHS | AR81: Chandeleur_Sound | AS81: 80902030800 | AT81: Chandeleur Sound | AU81: 79 | AV81: 1 | AW81: 1 | AX81: 79 | AY81: 0.243295 | AZ81: 0.323575 | BA81: 0.364463 | BB81: 0.396821 | BC81: 0.424306 | BD81: 0.469247 | BE81: 0.538791 | BF81: 111250000
A82: 79 | B82: Polygon ZM | C82: 80 | D82: 20424940 | E82: 0.395384 | F82: 0.18059 | G82: 0.424026 | H82: 2025900 | I82: 0 | J82: -0.761 | K82: 0.05 | L82: 0.835 | M82: 10 | N82: 0.25 | O82: 0 | P82: 80 | Q82: 80 | R82: 1 | S82: 0.023 | T82: 0.001 | U82: 1 | V82: 0 | W82: 0.008 | X82: 0.05 | Y82: 0.05 | Z82: 0.354727 | AA82: -9999 | AB82: 0.295299 | AC82: 0.640435 | AD82: 0.2 | AE82: 1 | AF82: -1.056299 | AG82: PB | AH82: 2D compartment | AI82: 1 | AJ82: Central Wetlands | AO82: 0 | AP82: 3 | AQ82: LBO | AR82: Lake_Borgne | AS82: 80902030301 | AT82: Bayou Bienvenue | AU82: 1884 | AV82: 2 | AW82: 1 | AX82: 80 | AY82: -0.761 | AZ82: -0.761 | BA82: -0.396183 | BB82: -0.056566 | BC82: 0.253828 | BD82: 0.385885 | BE82: 0.512219 | BF82: 20424900
A83: 80 | B83: Polygon ZM | C83: 81 | D83: 58117048 | E83: 0.179126 | F83: 0.046311 | G83: 0.774563 | H83: 7976700 | I83: 0 | J83: -0.6 | K83: 0.05 | L83: 0.835 | M83: 10 | N83: 0.25 | O83: 0 | P83: 81 | Q83: 81 | R83: 1 | S83: 0.023 | T83: 0.001 | U83: 1 | V83: 0 | W83: 0.008 | X83: 0.05 | Y83: 0.05 | Z83: 0.208431 | AA83: -9999 | AB83: 0.283171 | AC83: 0.489463 | AD83: 0.2 | AE83: 1 | AF83: -0.804704 | AG83: PB | AH83: 2D tributary boundary (Qmult > 0) | AI83: 1 | AJ83: Central Wetlands | AL83: Central Wetland Diversion | AM83: 48 | AN83: 1 | AO83: 0 | AP83: 3 | AQ83: LBO | AR83: Lake_Borgne | AS83: 80902030301 | AT83: Bayou Bienvenue | AU83: 1885 | AV83: 2 | AW83: 1 | AX83: 81 | AY83: -0.6 | AZ83: -0.521533 | BA83: -0.240998 | BB83: 0.093274 | BC83: 0.266124 | BD83: 0.399376 | BE83: 0.494007 | BF83: 58117000
A84: 81 | B84: Polygon ZM | C84: 82 | D84: 39658138 | E84: 0.008261 | F84: 0.167495 | G84: 0.824244 | H84: 908100 | I84: 0 | J84: -0.6 | K84: 0.05 | L84: 0.835 | M84: 10 | N84: 0.25 | O84: 0 | P84: 82 | Q84: 82 | R84: 1 | S84: 0.023 | T84: 0.001 | U84: 1 | V84: 0 | W84: 0.008 | X84: 0.05 | Y84: 0.05 | Z84: 0.046978 | AA84: -9999 | AB84: 0.484884 | AC84: 0.452005 | AD84: 0.2 | AE84: 1 | AF84: -0.223098 | AG84: PB | AH84: 2D compartment | AI84: 1 | AO84: 0 | AP84: 3 | AQ84: LBO | AR84: Lake_Borgne | AS84: 80902030301 | AT84: Bayou Bienvenue | AU84: 1886 | AV84: 2 | AW84: 1 | AX84: 82 | AY84: -0.242151 | AZ84: 0.261787 | BA84: 0.453837 | BB84: 0.474823 | BC84: 0.489165 | BD84: 0.511365 | BE84: 0.551569 | BF84: 39658100
A85: 82 | B85: Polygon ZM | C85: 83 | D85: 20965317 | E85: 0.030522 | F85: 0.10568 | G85: 0.863798 | H85: 1155600 | I85: 0 | J85: -0.6 | K85: 0.05 | L85: 0.835 | M85: 10 | N85: 0.25 | O85: 0 | P85: 83 | Q85: 83 | R85: 1 | S85: 0.023 | T85: 0.001 | U85: 1 | V85: 0 | W85: 0.008 | X85: 0.05 | Y85: 0.05 | Z85: 0.075898 | AA85: -9999 | AB85: 0.643883 | AC85: 0.515619 | AD85: 0.2 | AE85: 1 | AF85: -0.283735 | AG85: PB | AH85: 2D compartment | AI85: 1 | AO85: 0 | AP85: 6 | AQ85: UBR | AR85: Upper_Breton | AS85: 80902030302 | AT85: Mississippi River Gulf Outlet Canal-Frontal Lake Borgne | AU85: 83 | AV85: 1 | AW85: 1 | AX85: 83 | AY85: -0.066869 | AZ85: 0.360147 | BA85: 0.44118 | BB85: 0.48377 | BC85: 0.512053 | BD85: 0.559564 | BE85: 0.696263 | BF85: 20965300
A86: 83 | B86: Polygon ZM | C86: 84 | D86: 2973654 | E86: 0.007264 | F86: 0.852 | G86: 0.140736 | H86: 19800 | I86: 0 | J86: -0.6 | K86: 0.05 | L86: 0.835 | M86: 10 | N86: 0.25 | O86: 0 | P86: 84 | Q86: 84 | R86: 1 | S86: 0.023 | T86: 0.001 | U86: 1 | V86: 0 | W86: 0.008 | X86: 0.05 | Y86: 0.05 | Z86: 0.010361 | AA86: -9999 | AB86: 0.544716 | AC86: 0.482887 | AD86: 0.2 | AE86: 1 | AF86: -0.443442 | AG86: PB-UL | AH86: 2D compartment | AI86: 1 | AO86: 0 | AP86: 6 | AQ86: UBR | AR86: Upper_Breton | AS86: 80902030302 | AT86: Mississippi River Gulf Outlet Canal-Frontal Lake Borgne | AU86: 84 | AV86: 1 | AW86: 1 | AX86: 84 | AY86: -0.131635 | AZ86: 0.101274 | BA86: 0.257208 | BB86: 0.339336 | BC86: 0.39379 | BD86: 0.464593 | BE86: 0.62705 | BF86: 2973650
A87: 84 | B87: Polygon ZM | C87: 85 | D87: 21465312 | E87: 0.093332 | F87: 0.122487 | G87: 0.784181 | H87: 2087100 | I87: 0 | J87: -0.6 | K87: 0.05 | L87: 0.835 | M87: 10 | N87: 0.25 | O87: 0 | P87: 85 | Q87: 85 | R87: 1 | S87: 0.023 | T87: 0.001 | U87: 1 | V87: 0 | W87: 0.008 | X87: 0.05 | Y87: 0.05 | Z87: 0.14518 | AA87: -9999 | AB87: 0.349273 | AC87: 0.473813 | AD87: 0.2 | AE87: 1 | AF87: -0.592193 | AG87: PB | AH87: 2D compartment | AI87: 1 | AO87: 0 | AP87: 6 | AQ87: UBR | AR87: Upper_Breton | AS87: 80902030702 | AT87: Bayou Terre Aux Boeufs | AU87: 85 | AV87: 1 | AW87: 1 | AX87: 85 | AY87: -0.575779 | AZ87: -0.24292 | BA87: 0.190158 | BB87: 0.257594 | BC87: 0.28982 | BD87: 0.338444 | BE87: 0.44723 | BF87: 21465300
A88: 85 | B88: Polygon ZM | C88: 86 | D88: 43182915 | E88: 0.000646 | F88: 0.997478 | G88: 0.001876 | H88: 4500 | I88: 0 | J88: -6.991104 | K88: 0.05 | L88: 0.835 | M88: 10 | N88: 0.25 | O88: 0 | P88: 86 | Q88: 86 | R88: 1 | S88: 0.023 | T88: 0.001 | U88: 1 | V88: 0 | W88: 0.008 | X88: 0.05 | Y88: 0.05 | Z88: 0.013857 | AA88: -9999 | AB88: -1.419119 | AC88: 1.751744 | AD88: 0.2 | AE88: 1 | AF88: -1.340881 | AG88: PB-UL | AH88: 2D compartment | AI88: 1 | AO88: 0 | AP88: 33 | AQ88: -9999 | AR88: -9999 | AS88: 80902030501 | AT88: Forty Arpent Canal-Bayou Terre Aux Boeufs | AU88: 1887 | AV88: 2 | AW88: -9999 | AX88: 86 | AY88: -2.76 | AZ88: -2.76 | BA88: -2.76 | BB88: -2.750138 | BC88: -2.746226 | BD88: -2.624597 | BE88: -2.052862 | BF88: 43182900
A89: 86 | B89: Polygon ZM | C89: 87 | D89: 37758117 | E89: 0 | F89: 0.998093 | G89: 0.001907 | H89: 0 | I89: 0 | J89: -2.898134 | K89: 0.05 | L89: 0.835 | M89: 10 | N89: 0.25 | O89: 0 | P89: 87 | Q89: 87 | R89: 1 | S89: 0.023 | T89: 0.001 | U89: 1 | V89: 0 | W89: 0.008 | X89: 0.05 | Y89: 0.05 | Z89: 0.000871 | AA89: -9999 | AB89: -0.098864 | AC89: 0.760657 | AD89: 0.2 | AE89: 1 | AF89: -0.499803 | AG89: PB-UL | AH89: 2D compartment | AI89: 1 | AO89: 0 | AP89: 33 | AQ89: -9999 | AR89: -9999 | AS89: 80902030501 | AT89: Forty Arpent Canal-Bayou Terre Aux Boeufs | AU89: 1888 | AV89: 2 | AW89: -9999 | AX89: 87 | AY89: -0.6 | AZ89: -0.598667 | BA89: -0.570631 | BB89: -0.557559 | BC89: -0.528017 | BD89: -0.458511 | BE89: -0.316066 | BF89: 37758100
A90: 87 | B90: Polygon ZM | C90: 88 | D90: 1546780 | E90: 0 | F90: 1 | G90: 0 | H90: 0 | I90: 0 | J90: -1.733916 | K90: 0.05 | L90: 0.835 | M90: 10 | N90: 0.25 | O90: 0 | P90: 88 | Q90: 88 | R90: 1 | S90: 0.023 | T90: 0.001 | U90: 1 | V90: 0 | W90: 0.008 | X90: 0.05 | Y90: 0.05 | Z90: 0.00821 | AA90: -9999 | AB90: -1.195459 | AC90: 1.121622 | AD90: 0.2 | AE90: 1 | AF90: -0.538456 | AG90: PB | AH90: 2D compartment | AI90: 1 | AO90: 0 | AP90: 33 | AQ90: -9999 | AR90: -9999 | AS90: 80902030503 | AT90: Fourty Arpent Canal-Joe Brown Canal | AU90: 88 | AV90: 1 | AW90: -9999 | AX90: 88 | AY90: -1.8 | AZ90: -1.733916 | BA90: -1.706154 | BB90: -1.7 | BC90: -1.7 | BD90: -1.7 | BE90: -1.674244 | BF90: 1546780
A91: 88 | B91: Polygon ZM | C91: 89 | D91: 12018671 | E91: 0 | F91: 0.997978 | G91: 0.002022 | H91: 900 | I91: 0 | J91: -1.413133 | K91: 0.05 | L91: 0.835 | M91: 10 | N91: 0.25 | O91: 0 | P91: 89 | Q91: 89 | R91: 1 | S91: 0.023 | T91: 0.001 | U91: 1 | V91: 0 | W91: 0.008 | X91: 0.05 | Y91: 0.05 | Z91: 0 | AA91: -9999 | AB91: 3.327445 | AC91: 1.305612 | AD91: 0.2 | AE91: 1 | AF91: -2.07083 | AG91: PB | AH91: 2D compartment | AI91: 1 | AO91: 1 | AP91: 33 | AQ91: -9999 | AR91: -9999 | AS91: 80902030503 | AT91: Fourty Arpent Canal-Joe Brown Canal | AU91: 89 | AV91: 1 | AW91: -9999 | AX91: 89 | AY91: 0.997122 | AZ91: 1.256615 | BA91: 2.480431 | BB91: 2.803982 | BC91: 3.306392 | BD91: 3.41187 | BE91: 3.779311 | BF91: 12018700
A92: 89 | B92: Polygon ZM | C92: 90 | D92: 22023722 | E92: 0 | F92: 0.999755 | G92: 0.000245 | H92: 0 | I92: 0 | J92: -1.135029 | K92: 0.05 | L92: 0.835 | M92: 10 | N92: 0.25 | O92: 0 | P92: 90 | Q92: 90 | R92: 1 | S92: 0.023 | T92: 0.001 | U92: 1 | V92: 0 | W92: 0.008 | X92: 0.05 | Y92: 0.05 | Z92: 0.018956 | AA92: -9999 | AB92: 2.503015 | AC92: 0.495255 | AD92: 0.2 | AE92: 1 | AF92: -0.349248 | AG92: PB | AH92: 2D compartment | AI92: 1 | AO92: 1 | AP92: 33 | AQ92: -9999 | AR92: -9999 | AS92: 80902030503 | AT92: Fourty Arpent Canal-Joe Brown Canal | AU92: 90 | AV92: 1 | AW92: -9999 | AX92: 90 | AY92: 1.938517 | AZ92: 2.153766 | BA92: 2.369016 | BB92: 2.406834 | BC92: 2.444651 | BD92: 2.520286 | BE92: 2.767716 | BF92: 22023700
A93: 90 | B93: Polygon ZM | C93: 91 | D93: 6523764 | E93: 0 | F93: 0.999448 | G93: 0.000552 | H93: 0 | I93: 0 | J93: -1 | K93: 0.05 | L93: 0.835 | M93: 10 | N93: 0.25 | O93: 0 | P93: 91 | Q93: 91 | R93: 1 | S93: 0.023 | T93: 0.001 | U93: 1 | V93: 0 | W93: 0.008 | X93: 0.05 | Y93: 0.05 | Z93: 0.0394 | AA93: -9999 | AB93: 3.655908 | AC93: 0.872133 | AD93: 0.2 | AE93: 1 | AF93: -0.848986 | AG93: PB | AH93: 2D compartment | AI93: 1 | AO93: 1 | AP93: 33 | AQ93: -9999 | AR93: -9999 | AS93: 80902030503 | AT93: Fourty Arpent Canal-Joe Brown Canal | AU93: 91 | AV93: 1 | AW93: -9999 | AX93: 91 | AY93: 2.574026 | AZ93: 2.806921 | BA93: 3.039817 | BB93: 3.272712 | BC93: 3.459825 | BD93: 3.834051 | BE93: 4.241657 | BF93: 6523760
A94: 91 | B94: Polygon ZM | C94: 92 | D94: 437147 | E94: 1 | F94: 0 | G94: 0 | H94: 178700 | I94: 0 | J94: -1.5 | K94: 0.05 | L94: 0.835 | M94: 10 | N94: 0.25 | O94: 0 | P94: 92 | Q94: 92 | R94: 1 | S94: 0.023 | T94: 0.001 | U94: 1 | V94: 0 | W94: 0.008 | X94: 0.05 | Y94: 0.05 | Z94: 0 | AA94: -9999 | AB94: -1.5 | AC94: 0 | AD94: 0.2 | AE94: 1 | AF94: 0 | AG94: PB | AH94: 2D tributary boundary (Qmult > 0) | AI94: 0 | AL94: Mid-Breton Diversion | AM94: 51 | AN94: 1 | AO94: 0 | AP94: 6 | AQ94: UBR | AR94: Upper_Breton | AS94: 80902030504 | AT94: Fourty Arpent Canal-River Aux Chenes | AU94: 92 | AV94: 1 | AW94: 1 | AX94: 92 | AY94: -0.6 | AZ94: -0.6 | BA94: -0.6 | BB94: -0.6 | BC94: -0.6 | BD94: -0.543089 | BE94: -0.159712 | BF94: 437147
A95: 92 | B95: Polygon ZM | C95: 93 | D95: 6568097 | E95: 0.198688 | F95: 0.036981 | G95: 0.764331 | H95: 539100 | I95: 0 | J95: -0.6 | K95: 0.05 | L95: 0.835 | M95: 10 | N95: 0.25 | O95: 0 | P95: 93 | Q95: 93 | R95: 1 | S95: 0.023 | T95: 0.001 | U95: 1 | V95: 0 | W95: 0.008 | X95: 0.05 | Y95: 0.05 | Z95: 0.728684 | AA95: -9999 | AB95: 0.200886 | AC95: 0.436924 | AD95: 0.2 | AE95: 1 | AF95: -0.754292 | AG95: PB | AH95: FWOA diversion outfall - Mid-Breton | AI95: 1 | AJ95: Upper Breton | AO95: 1 | AP95: 6 | AQ95: UBR | AR95: Upper_Breton | AS95: 80902030505 | AT95: Lake Lery-Bayou Terre Aux Boeufs | AU95: 93 | AV95: 1 | AW95: 1 | AX95: 93 | AY95: -0.6 | AZ95: -0.553406 | BA95: -0.192613 | BB95: 0.156696 | BC95: 0.236424 | BD95: 0.303482 | BE95: 0.379092 | BF95: 6568100
A96: 93 | B96: Polygon ZM | C96: 94 | D96: 3942203 | E96: 0.208437 | F96: 0.010325 | G96: 0.781238 | H96: 642600 | I96: 0 | J96: -0.6 | K96: 0.05 | L96: 0.835 | M96: 10 | N96: 0.25 | O96: 0 | P96: 94 | Q96: 94 | R96: 1 | S96: 0.023 | T96: 0.001 | U96: 1 | V96: 0 | W96: 0.008 | X96: 0.05 | Y96: 0.05 | Z96: 0.345692 | AA96: -9999 | AB96: 0.106156 | AC96: 0.404392 | AD96: 0.2 | AE96: 1 | AF96: -0.706156 | AG96: PB | AH96: 2D compartment | AI96: 1 | AJ96: Upper Breton | AO96: 1 | AP96: 6 | AQ96: UBR | AR96: Upper_Breton | AS96: 80902030506 | AT96: Manuel Canal-Spanish Lake | AU96: 94 | AV96: 1 | AW96: 1 | AX96: 94 | AY96: -0.6 | AZ96: -0.6 | BA96: -0.523192 | BB96: -0.276243 | BC96: 0.100995 | BD96: 0.230047 | BE96: 0.337821 | BF96: 3942200
A97: 94 | B97: Polygon ZM | C97: 95 | D97: 821966 | E97: 0.226652 | F97: 0.032077 | G97: 0.741272 | H97: 351000 | I97: 0 | J97: -1.5 | K97: 0.05 | L97: 0.835 | M97: 10 | N97: 0.25 | O97: 0 | P97: 95 | Q97: 95 | R97: 1 | S97: 0.023 | T97: 0.001 | U97: 1 | V97: 0 | W97: 0.008 | X97: 0.05 | Y97: 0.05 | Z97: 0.162992 | AA97: -9999 | AB97: 0.317335 | AC97: 0.491745 | AD97: 0.2 | AE97: 1 | AF97: -0.621906 | AG97: PB | AH97: 2D tributary boundary (Qmult > 0) | AI97: 1 | AL97: Caernarvon & Upper Breton | AM97: 49 + 50 | AN97: 1 + 1 | AO97: 1 | AP97: 6 | AQ97: UBR | AR97: Upper_Breton | AS97: 80902030505 | AT97: Lake Lery-Bayou Terre Aux Boeufs | AU97: 95 | AV97: 1 | AW97: 1 | AX97: 95 | AY97: -0.365466 | AZ97: -0.304571 | BA97: -0.203678 | BB97: -0.017006 | BC97: 0.222123 | BD97: 0.32188 | BE97: 0.437989 | BF97: 821966
A98: 95 | B98: Polygon ZM | C98: 96 | D98: 8471182 | E98: 0.241702 | F98: 0.014388 | G98: 0.74391 | H98: 1206900 | I98: 0 | J98: -0.6 | K98: 0.05 | L98: 0.835 | M98: 10 | N98: 0.25 | O98: 0 | P98: 96 | Q98: 96 | R98: 1 | S98: 0.023 | T98: 0.001 | U98: 1 | V98: 0 | W98: 0.008 | X98: 0.05 | Y98: 0.05 | Z98: 0.314268 | AA98: -9999 | AB98: 0.078568 | AC98: 0.484944 | AD98: 0.2 | AE98: 1 | AF98: -0.678568 | AG98: PB | AH98: 2D compartment | AI98: 1 | AJ98: Upper Breton | AO98: 1 | AP98: 6 | AQ98: UBR | AR98: Upper_Breton | AS98: 80902030506 | AT98: Manuel Canal-Spanish Lake | AU98: 96 | AV98: 1 | AW98: 1 | AX98: 96 | AY98: -0.6 | AZ98: -0.6 | BA98: -0.6 | BB98: -0.574112 | BC98: -0.465623 | BD98: 0.155998 | BE98: 0.391975 | BF98: 8471180
A99: 96 | B99: Polygon ZM | C99: 97 | D99: 9564558 | E99: 0.161659 | F99: 0.027692 | G99: 0.810649 | H99: 864000 | I99: 0 | J99: -0.6 | K99: 0.05 | L99: 0.835 | M99: 10 | N99: 0.25 | O99: 0 | P99: 97 | Q99: 97 | R99: 1 | S99: 0.023 | T99: 0.001 | U99: 1 | V99: 0 | W99: 0.008 | X99: 0.05 | Y99: 0.05 | Z99: 0.190322 | AA99: -9999 | AB99: 0.085922 | AC99: 0.38529 | AD99: 0.2 | AE99: 1 | AF99: -0.685922 | AG99: PB | AH99: 2D compartment | AI99: 1 | AJ99: Upper Breton | AO99: 0 | AP99: 6 | AQ99: UBR | AR99: Upper_Breton | AS99: 80902030506 | AT99: Manuel Canal-Spanish Lake | AU99: 97 | AV99: 1 | AW99: 1 | AX99: 97 | AY99: -0.6 | AZ99: -0.6 | BA99: -0.49071 | BB99: -0.134535 | BC99: 0.076516 | BD99: 0.194417 | BE99: 0.283417 | BF99: 9564560
A100: 97 | B100: Polygon ZM | C100: 98 | D100: 16185358 | E100: 0.242775 | F100: 0.024229 | G100: 0.732996 | H100: 1738800 | I100: 0 | J100: -0.6 | K100: 0.05 | L100: 0.835 | M100: 10 | N100: 0.25 | O100: 0 | P100: 98 | Q100: 98 | R100: 1 | S100: 0.023 | T100: 0.001 | U100: 1 | V100: 0 | W100: 0.008 | X100: 0.05 | Y100: 0.05 | Z100: 0.111319 | AA100: -9999 | AB100: 0.178851 | AC100: 0.395743 | AD100: 0.2 | AE100: 1 | AF100: -0.717132 | AG100: PB | AH100: 2D compartment | AI100: 1 | AJ100: Upper Breton | AO100: 0 | AP100: 6 | AQ100: UBR | AR100: Upper_Breton | AS100: 80902030502 | AT100: Fourty Arpent Canal-Creedmore Canal | AU100: 98 | AV100: 1 | AW100: 1 | AX100: 98 | AY100: -0.6 | AZ100: -0.538282 | BA100: -0.263207 | BB100: 0.080692 | BC100: 0.194514 | BD100: 0.271894 | BE100: 0.375171 | BF100: 16185400
...
